Municipality code,Municipality,Cases2007,Cases2008,Cases2009,Cases2010,Cases2011,Cases2012,Cases2013,Cases2014,Cases2015,Cases2016,Cases2017,Cases2018,Cases2019,Population2019,TotalCases
76001,Cali,159,1147,6335,11708,1450,2050,17539,5855,14523,19414,3710,1735,3890,2241491,89515
5001,Medellín,5,902,413,15570,802,713,2342,3161,3785,17306,2100,1172,1276,2483545,49547
68001,Bucaramanga,5223,2018,3449,7831,774,1470,4843,5021,2594,2097,372,601,2525,595635,38818
54001,Cúcuta,2946,2816,3105,5101,1698,2628,5123,5015,2071,995,416,2687,3569,749197,38170
73001,Ibagué,1047,563,1828,6508,944,2354,5617,3101,5221,2230,606,600,5130,536087,35749
50001,Villavicencio,1689,310,1711,3514,1724,2949,5285,4046,2088,1320,556,2276,8258,538824,35726
41001,Neiva,1542,1561,2248,2327,673,3128,2445,3564,1850,1294,532,567,5459,361049,27190
8001,Barranquilla,2396,2666,1416,2748,689,946,4131,2678,1403,640,684,1679,1855,1243056,23931
68276,Floridablanca,2176,897,2236,4626,359,599,2755,3061,1276,1371,395,348,1300,300730,21399
70001,Sincelejo,548,490,582,756,743,1271,2309,3048,1392,442,235,365,3693,286635,15874
20001,Valledupar,678,520,492,1885,426,1868,2050,806,1949,509,186,507,2817,513685,14693
63001,Armenia,641,378,278,5260,389,175,1082,1463,1772,1352,293,233,175,300194,13491
85001,Yopal,698,966,1756,1104,505,913,1558,930,926,339,209,466,2291,173610,12661
66001,Pereira,448,198,357,7787,403,123,267,455,639,1272,65,58,180,472406,12252
68307,Girón,808,483,1003,1926,236,356,1804,1305,727,462,160,178,654,166843,10102
13001,Cartagena de Indias,372,868,245,1280,325,211,2293,918,348,128,56,554,1922,1003685,9520
68547,Piedecuesta,846,382,1039,1561,122,390,1153,1099,604,361,182,263,949,177586,8951
76520,Palmira,167,327,2060,1232,246,144,692,848,750,1337,186,105,635,352016,8729
50006,Acacías,571,354,311,744,357,837,891,1116,742,297,148,628,1574,90124,8570
23001,Montería,145,230,52,127,364,395,625,1612,630,353,312,1567,1852,498858,8264
5360,Itagüí,0,80,53,3489,106,98,742,302,251,2857,120,54,56,283794,8208
47001,Santa Marta,903,321,410,1055,241,291,1748,755,270,117,55,947,695,521239,7808
73268,Espinal,61,141,192,642,296,562,1032,1333,705,230,280,421,1822,70769,7717
8758,Soledad,390,819,467,504,220,287,1375,1091,580,305,324,675,611,638065,7648
68081,Barrancabermeja,552,98,220,851,141,793,2086,1116,544,216,107,148,768,207494,7640
25307,Girardot,81,280,262,945,262,575,1138,744,420,277,325,483,679,105379,6471
5088,Bello,2,152,93,1362,151,140,456,640,605,1749,204,89,88,538527,5731
54874,Villa del Rosario,249,179,423,697,223,290,944,622,324,142,147,799,392,107288,5431
54405,Los Patios,286,380,422,845,236,434,588,775,208,133,82,453,434,93754,5276
66170,Dosquebradas,202,58,104,3044,91,27,50,105,280,918,42,23,59,220771,5003
85010,Aguazul,407,148,566,469,161,502,676,217,222,188,107,230,814,37513,4707
41551,Pitalito,251,83,250,1750,92,267,239,313,328,304,103,60,624,126682,4664
76834,Tuluá,33,110,432,740,148,125,325,282,875,810,159,38,537,215978,4614
41298,Garzón,299,158,90,719,96,538,572,496,544,313,94,88,519,73292,4526
73449,Melgar,62,356,365,485,103,222,587,660,387,444,213,225,329,37191,4438
81001,Arauca,490,489,560,1194,44,105,337,235,195,108,80,83,499,91875,4419
20011,Aguachica,49,65,38,225,293,571,565,734,315,75,78,293,973,114569,4274
63130,Calarcá,571,157,145,1389,78,68,233,382,448,364,45,39,27,73872,3946
76147,Cartago,6,51,147,843,131,50,979,425,391,387,93,74,314,136596,3891
76111,Guadalajara de Buga,26,74,242,998,117,127,442,471,273,495,69,29,511,128316,3874
50313,Granada,55,19,58,123,108,621,462,324,535,140,44,257,1096,69770,3842
95001,San José del Guaviare,262,189,212,617,153,80,246,498,149,220,77,605,478,54333,3786
54498,Ocaña,205,30,98,394,132,179,219,585,391,423,151,181,554,124603,3542
91001,Leticia,6,6,9,21,528,278,264,423,146,74,52,44,1676,48918,3527
68679,San Gil,320,188,115,899,38,53,232,494,365,385,60,84,145,58032,3378
73168,Chaparral,312,80,246,179,105,228,544,407,172,78,53,92,824,50565,3320
63470,Montenegro,364,198,32,1013,178,164,266,472,221,264,81,38,18,37127,3309
50573,Puerto López,84,266,42,285,25,175,326,353,542,100,124,223,759,30301,3304
25290,Fusagasugá,12,30,43,753,15,37,108,168,262,1410,36,11,112,146556,2997
81736,Saravena,246,97,274,328,71,162,262,196,173,78,136,327,591,59697,2941
44001,Riohacha,104,122,226,189,199,123,561,317,241,51,25,411,343,195747,2912
73319,Guamo,22,91,66,187,55,136,636,256,198,135,139,257,721,32826,2899
18753,San Vicente del Caguán,65,97,65,171,154,349,307,166,254,372,192,106,430,51714,2728
41396,La Plata,230,52,209,506,153,143,112,270,275,464,67,33,197,61735,2711
68755,Socorro,80,36,232,552,45,95,456,175,283,179,26,24,506,32965,2689
18001,Florencia,0,6,0,0,0,737,444,358,388,273,45,68,368,170764,2687
73443,San Sebastián de Mariquita,57,30,103,185,95,231,285,188,175,244,202,168,718,38084,2681
63594,Quimbaya,200,104,20,619,266,106,99,406,589,104,44,47,76,30911,2680
73411,Líbano,15,9,43,322,37,39,255,68,479,895,192,96,190,36432,2640
86568,Puerto Asís,104,128,37,407,87,193,399,393,155,210,54,112,298,66084,2577
25488,Nilo,5,10,10,315,58,159,593,359,108,276,276,160,143,11441,2472
8433,Malambo,88,234,164,177,89,153,337,359,415,81,22,157,181,134468,2457
76892,Yumbo,4,77,259,585,58,56,396,190,247,305,59,26,179,108889,2441
5266,Envigado,3,36,31,1453,29,22,75,82,77,437,77,43,61,236114,2426
25875,Villeta,68,29,83,588,50,298,97,447,236,70,64,161,179,27986,2370
13430,Magangué,83,60,22,140,19,229,320,177,738,255,92,54,179,137030,2368
86320,Orito,16,40,17,160,48,75,489,442,75,263,61,284,332,38244,2302
68406,Lebrija,132,155,132,117,23,56,193,405,440,213,64,37,296,43145,2263
63401,La Tebaida,224,133,64,517,154,100,146,359,290,81,34,29,121,34172,2252
76275,Florida,1,8,231,326,40,43,448,356,219,192,33,30,293,57696,2220
86865,Valle del Guamuez,26,84,31,188,96,122,75,297,503,354,82,131,213,34082,2202
13688,Santa Rosa del Sur,57,88,23,20,13,403,384,259,160,33,24,322,373,33701,2159
20228,Curumaní,14,7,9,63,28,159,214,226,442,87,75,67,765,38617,2156
17380,La Dorada,123,32,172,310,135,34,353,376,192,53,16,18,297,72972,2111
73408,Lérida,8,8,118,145,23,117,258,225,252,135,254,244,310,18598,2097
70670,Sampués,149,155,118,130,106,141,193,250,309,110,37,48,328,47746,2074
44430,Maicao,99,125,113,154,44,157,595,163,44,8,28,266,228,178832,2024
25386,La Mesa,13,71,53,322,26,163,458,199,189,210,28,29,219,34465,1980
13244,El Carmen de Bolívar,70,106,44,84,75,133,116,90,253,311,127,71,465,71428,1945
41016,Aipe,10,14,19,223,62,316,126,151,309,99,23,118,426,16361,1896
85410,Tauramena,186,77,260,130,26,133,154,245,102,39,42,50,427,24445,1871
70708,San Marcos,145,126,93,181,41,103,140,199,407,92,40,52,242,59254,1861
15572,Puerto Boyacá,70,44,241,198,139,82,212,120,233,79,9,54,377,47600,1858
52835,San Andrés de Tumaco,11,10,64,61,87,61,196,389,182,240,79,99,377,255783,1856
20013,Agustín Codazzi,84,23,34,113,122,293,111,225,203,50,29,360,200,62864,1847
54810,Tibú,45,116,44,73,46,163,321,340,333,142,48,100,73,56510,1844
5045,Apartadó,1,89,53,48,67,98,103,119,85,76,138,387,578,124647,1842
5837,Turbo,4,181,81,8,85,80,95,327,147,100,33,242,442,127565,1825
50689,San Martín,30,41,56,119,47,54,100,95,130,55,50,65,953,26571,1795
86001,Mocoa,39,73,115,309,153,139,255,276,125,83,10,63,153,57716,1793
41132,Campoalegre,65,29,56,44,61,121,113,520,221,139,43,8,371,31195,1791
54261,El Zulia,118,112,111,209,80,118,158,199,208,68,28,123,250,28240,1782
85250,Paz de Ariporo,112,34,266,116,30,170,199,167,182,33,2,134,327,36861,1772
41524,Palermo,55,92,75,126,43,179,192,196,87,70,18,16,617,26590,1766
8638,Sabanalarga,28,258,16,30,42,40,316,276,286,38,10,99,320,97005,1759
85440,Villanueva,0,7,0,0,0,167,290,172,149,105,7,52,804,35793,1753
50226,Cumaral,87,57,133,91,58,152,257,163,120,48,8,71,503,23014,1748
76130,Candelaria,1,9,168,335,9,37,312,302,237,238,34,14,34,93183,1730
8078,Baranoa,35,339,69,66,31,73,231,174,88,25,7,162,418,64949,1718
41020,Algeciras,38,22,14,292,5,125,152,121,144,313,69,35,385,22498,1715
76109,Buenaventura,14,28,81,326,60,86,113,207,173,296,95,46,99,310194,1624
25245,El Colegio,15,25,37,205,4,100,127,267,259,208,119,68,171,25047,1605
23417,Lorica,26,33,43,30,65,146,198,442,28,32,8,150,391,114666,1592
81065,Arauquita,78,142,144,201,13,48,235,53,126,9,22,63,456,53407,1590
73349,Honda,12,77,162,190,64,61,348,149,86,69,68,53,244,24585,1583
50150,Castilla La Nueva,68,86,20,65,34,63,147,257,237,87,26,80,410,15186,1580
44874,Villanueva,231,169,290,246,100,49,113,66,143,17,4,28,91,28816,1547
81300,Fortul,58,28,156,613,34,81,144,117,54,37,42,22,149,19659,1535
73585,Purificación,27,32,12,92,67,114,103,84,374,72,136,124,269,23527,1506
50568,Puerto Gaitán,11,20,8,49,29,180,230,90,316,63,31,33,429,42677,1489
76364,Jamundí,0,29,135,191,8,15,184,113,283,347,48,32,79,164159,1464
86885,Villagarzón,42,11,35,289,31,65,148,142,141,167,36,66,272,23873,1445
5490,Necoclí,0,42,35,14,28,21,104,187,108,93,255,183,359,43257,1429
41807,Timaná,138,24,30,173,186,183,65,169,135,91,42,9,182,21921,1427
68190,Cimitarra,25,67,19,66,40,147,115,160,100,84,27,37,539,33750,1426
70215,Corozal,44,42,62,91,93,63,222,183,54,28,13,19,479,69268,1393
41615,Rivera,35,9,43,86,90,204,116,167,101,76,29,33,394,24757,1383
68077,Barbosa,29,15,89,399,11,67,238,34,19,161,22,7,291,31940,1382
20710,San Alberto,109,33,20,142,81,64,133,98,108,43,86,263,179,27449,1359
23570,Pueblo Nuevo,19,35,4,47,31,162,110,237,188,58,5,228,214,36112,1338
66400,La Virginia,181,73,71,201,19,5,62,85,274,104,27,61,160,27916,1323
76400,La Unión,9,73,161,210,94,68,69,72,225,293,21,8,13,34244,1316
8296,Galapa,64,66,17,64,2,7,136,230,416,73,39,136,65,64260,1315
94001,Inírida,19,427,6,161,12,113,28,121,68,195,7,16,138,32673,1311
73671,Saldaña,3,4,5,92,10,29,96,40,53,48,42,158,688,14450,1268
73275,Flandes,0,7,0,0,0,146,362,157,75,36,44,172,254,28510,1253
73217,Coyaima,16,21,16,206,35,17,236,138,181,94,56,76,158,22610,1250
19290,Florencia,205,205,257,292,285,0,2,0,1,0,0,1,0,5254,1248
81794,Tame,79,48,42,223,37,84,97,70,174,67,14,41,268,46741,1244
47288,Fundación,10,10,5,10,3,25,84,24,232,102,4,631,102,68681,1242
50318,Guamal,50,56,25,78,27,178,101,112,62,35,16,149,304,14298,1193
19698,Santander de Quilichao,38,46,256,342,49,43,119,56,60,131,8,7,25,111789,1180
68689,San Vicente de Chucurí,55,46,37,28,45,154,93,211,139,77,21,56,205,33414,1167
20178,Chiriguaná,2,12,13,227,26,424,134,60,141,21,18,8,71,28743,1157
23660,Sahagún,58,58,7,31,66,89,66,232,125,32,2,180,208,109052,1154
50606,Restrepo,45,83,18,93,51,143,129,75,152,25,27,48,261,18474,1150
68655,Sabana de Torres,67,28,21,81,17,144,138,71,52,80,54,305,84,33887,1142
13468,Mompós,2,12,13,84,7,14,62,89,483,133,38,34,164,45498,1135
63190,Circasia,20,14,3,411,26,9,33,71,154,304,31,13,33,28631,1122
15469,Moniquirá,134,26,51,249,19,31,103,23,31,311,5,0,119,22821,1102
99001,Puerto Carreño,53,114,39,199,198,53,118,40,27,32,5,5,214,20474,1097
23466,Montelíbano,4,8,11,36,19,103,105,120,230,49,52,245,105,83908,1087
5579,Puerto Berrío,3,168,73,96,81,40,175,56,67,53,35,30,199,40048,1076
20400,La Jagua de Ibirico,202,42,14,57,108,114,151,54,125,23,4,30,145,49052,1069
23807,Tierralta,14,108,69,123,106,55,115,55,22,26,75,180,110,93873,1058
44650,San Juan del Cesar,40,72,13,66,24,128,105,270,97,50,6,122,61,48387,1054
73055,Armero,5,3,19,108,12,52,210,164,88,36,46,25,269,12335,1037
17174,Chinchiná,140,1,38,309,10,6,104,163,60,168,19,3,14,51773,1035
50711,Vistahermosa,14,39,33,71,40,90,62,114,113,34,26,38,357,17168,1031
13836,Turbaco,6,11,15,65,24,22,105,305,55,21,14,43,345,109813,1031
25035,Anapoima,15,107,6,174,36,77,181,129,71,73,21,11,124,15315,1025
5042,Santa Fé de Antioquia,3,18,82,305,23,18,110,104,129,115,22,10,85,26598,1024
47189,Ciénaga,32,48,139,31,10,22,272,77,101,20,4,48,216,122285,1020
73504,Ortega,26,20,107,100,21,30,105,73,43,40,23,37,393,34453,1018
25572,Puerto Salgar,14,15,77,100,74,13,144,88,181,33,15,19,244,16058,1017
73026,Alvarado,47,30,38,42,14,30,173,112,106,63,43,67,252,8710,1017
85139,Maní,68,165,109,26,7,14,174,94,54,111,11,35,138,17359,1006
76233,Dagua,19,44,66,211,35,23,105,78,233,145,17,9,18,48758,1003
50287,Fuente de Oro,3,2,1,53,29,63,140,130,201,24,32,46,277,12266,1001
85162,Monterrey,66,118,52,33,23,54,104,158,150,54,5,29,152,17797,998
13052,Arjona,12,30,13,66,41,47,158,77,272,72,18,6,175,71837,987
23162,Cereté,63,76,18,13,148,48,121,217,101,27,13,66,65,107234,976
25815,Tocaima,8,43,3,130,17,32,142,205,78,46,28,104,134,16136,970
47058,Ariguaní,7,3,2,32,2,171,191,95,10,14,3,130,307,31077,967
50680,San Carlos de Guaroa,32,28,44,68,9,98,130,34,172,32,19,177,119,12598,962
76622,Roldanillo,30,23,73,343,31,27,27,25,208,83,22,5,63,36767,960
76563,Pradera,4,18,255,167,12,26,159,82,84,79,22,13,26,47918,947
5212,Copacabana,0,17,5,221,7,5,41,188,70,283,38,14,35,80000,924
23855,Valencia,1,6,4,12,9,18,32,47,76,18,8,410,269,36042,910
54245,El Carmen,43,9,48,85,20,73,44,159,193,32,13,28,158,13648,905
73283,Fresno,5,1,12,316,5,30,48,55,50,41,58,46,238,31124,905
68615,Rionegro,84,55,40,95,10,33,96,140,85,40,40,65,119,26746,902
8685,Santo Tomás,11,62,53,25,4,4,136,117,394,50,11,7,11,31027,885
73675,San Antonio,2,2,27,102,16,22,66,43,85,281,109,11,118,12691,884
20770,San Martín,0,0,0,0,0,94,159,205,106,37,8,120,148,27823,877
54003,Ábrego,90,15,31,48,6,21,75,98,82,214,51,33,107,33003,871
73678,San Luis,12,9,5,101,16,14,66,87,115,49,99,77,201,13481,851
73624,Rovira,15,5,20,59,34,33,282,87,42,67,23,23,145,21556,835
86571,Puerto Guzmán,13,20,28,112,33,11,113,189,48,101,26,37,102,36052,833
20517,Pailitas,0,9,9,14,22,42,86,48,121,28,7,63,367,19183,816
23555,Planeta Rica,5,7,3,11,33,50,65,101,39,22,7,306,163,64465,812
76248,El Cerrito,8,7,74,68,11,14,170,66,135,183,40,22,14,56835,812
68255,El Playón,36,13,13,78,8,39,155,74,62,71,47,127,77,13882,800
95025,El Retorno,17,5,13,74,16,9,24,189,53,55,38,227,75,13684,795
20621,La Paz,32,57,21,137,17,198,77,56,98,24,10,19,44,28758,790
41319,Guadalupe,23,16,20,59,29,91,83,110,61,136,3,3,155,18104,789
50590,Puerto Rico,0,0,0,1,0,99,92,127,71,41,11,109,234,12918,785
5250,El Bagre,1,2,5,16,20,25,23,73,38,66,102,89,323,52925,783
76895,Zarzal,5,14,102,242,40,11,70,43,63,73,31,8,79,42191,781
47555,Plato,7,3,3,6,1,50,163,19,56,17,0,18,434,63026,777
85430,Trinidad,189,67,126,24,24,26,21,23,18,10,4,21,224,13350,777
5147,Carepa,1,24,53,72,51,74,55,68,64,101,15,93,103,49659,774
5101,Ciudad Bolívar,13,30,57,374,30,9,53,40,47,84,18,9,10,26160,774
5380,La Estrella,0,9,3,418,8,3,22,29,22,223,12,2,17,73696,768
25320,Guaduas,4,5,26,159,21,26,200,49,24,16,7,8,217,31869,762
54172,Chinácota,40,19,24,155,7,22,125,46,55,62,3,21,182,18176,761
86757,San Miguel,58,16,100,76,63,88,44,32,31,86,41,11,107,19119,753
73861,Venadillo,0,2,86,88,48,38,170,71,52,35,39,31,81,12751,741
25402,La Vega,20,12,14,63,12,28,67,134,143,216,6,2,15,17830,732
20060,Bosconia,5,11,7,9,7,30,147,84,143,27,27,132,102,41825,731
5154,Caucasia,0,63,23,70,86,51,35,56,105,57,16,95,69,93044,726
8573,Puerto Colombia,41,56,93,59,63,22,54,84,78,37,14,38,82,51695,721
76616,Riofrío,34,25,56,164,46,18,37,6,28,244,4,5,52,15483,719
44847,Uribia,16,13,12,30,9,43,98,112,11,10,80,171,113,177815,718
5308,Girardota,0,130,1,251,19,16,68,113,29,69,2,2,17,53162,717
47318,Guamal,1,1,15,119,20,34,15,14,305,35,15,6,136,27345,716
5631,Sabaneta,0,15,4,454,11,5,19,30,20,104,20,10,20,85484,712
86573,Puerto Leguízamo,21,6,10,96,26,26,179,27,9,19,13,44,227,29001,703
25001,Agua de Dios,6,13,5,62,3,64,72,137,40,28,15,27,227,11966,699
76318,Guacarí,14,13,39,130,10,12,112,126,64,88,29,11,48,33405,696
15753,Soatá,0,1,2,17,0,1,25,118,78,425,7,3,16,8908,693
54206,Convención,17,5,6,24,6,25,27,91,77,132,52,40,185,19131,687
41791,Tarqui,40,53,0,48,11,81,13,46,58,53,21,3,252,17587,679
63302,Génova,0,0,2,504,5,2,50,30,17,9,11,20,27,7455,677
18592,Puerto Rico,115,31,40,130,38,61,55,56,20,38,4,3,86,26329,677
41797,Tesalia,10,15,85,171,13,58,122,48,38,24,8,2,81,10815,675
5030,Amagá,0,2,1,297,13,3,3,3,120,196,17,3,16,30777,674
85263,Pore,25,19,146,73,9,15,79,81,23,21,1,74,106,12001,672
41349,Hobo,13,10,14,44,9,47,77,61,190,30,11,2,159,7335,667
86569,Puerto Caicedo,43,57,21,46,24,15,48,44,34,118,25,43,149,16033,667
8558,Polonuevo,4,3,8,0,4,46,182,48,27,8,5,199,124,18941,658
66682,Santa Rosa de Cabal,9,14,20,377,67,40,12,7,14,68,4,1,23,78636,656
19532,Patía,6,3,11,164,34,50,101,40,101,85,14,24,23,37183,656
8421,Luruaco,8,30,6,17,1,2,136,322,51,10,13,5,54,29348,655
76890,Yotoco,1,1,15,115,0,3,27,142,205,76,2,10,54,16117,651
41306,Gigante,5,17,67,236,12,46,20,83,57,55,7,1,41,24634,647
50350,La Macarena,4,2,4,10,13,88,89,164,44,83,20,63,58,27534,642
73483,Natagaima,26,6,30,83,19,60,128,51,122,27,14,17,58,14722,641
20443,Manaure Balcón del Cesar,9,13,10,38,2,154,50,63,73,48,19,61,98,10479,638
88001,San Andrés,40,28,87,19,41,9,63,88,151,53,20,12,26,56358,637
44078,Barrancas,30,9,21,0,1,21,189,105,62,13,1,148,35,37170,635
50400,Lejanías,3,25,4,54,18,95,76,40,119,31,9,9,150,11256,633
41668,San Agustín,9,6,15,220,116,73,23,30,26,29,13,11,61,33391,632
15480,Muzo,2,0,0,81,3,15,32,11,179,263,39,3,3,8466,631
8520,Palmar de Varela,4,11,9,9,5,5,79,128,291,46,10,6,26,30094,629
76736,Sevilla,22,12,28,327,11,7,32,37,31,91,9,1,21,41503,629
70820,Santiago de Tolú,11,32,22,43,31,21,32,134,116,42,20,10,114,33553,628
68575,Puerto Wilches,77,94,32,60,35,105,47,43,46,22,4,12,49,33572,626
68235,El Carmen de Chucurí,22,97,29,19,2,82,72,15,13,34,10,65,166,21415,626
70508,Ovejas,56,32,80,83,10,48,82,52,5,8,4,11,152,23148,623
73148,Carmen de Apicalá,18,32,12,69,10,105,114,39,47,50,28,38,61,10306,623
8634,Sabanagrande,65,82,27,13,2,15,68,234,63,13,5,12,21,33858,620
19573,Puerto Tejada,0,4,47,102,27,83,39,21,178,84,13,7,13,41648,618
68500,Oiba,7,3,1,96,10,19,161,60,103,98,9,17,32,11004,616
20550,Pelaya,71,36,9,15,86,54,110,71,55,9,5,4,87,21564,612
76122,Caicedonia,24,4,45,115,7,17,45,57,127,89,22,18,39,28609,609
70823,Tolú Viejo,18,7,20,34,20,18,44,83,87,15,5,12,244,21850,607
13657,San Juan Nepomuceno,8,5,2,10,15,6,33,193,25,3,5,86,206,37765,597
76113,Bugalagrande,0,4,20,79,19,23,78,49,132,63,28,13,79,24400,587
20175,Chimichagua,8,2,2,11,5,15,111,19,71,28,5,19,288,35269,584
50223,Cubarral,10,9,21,23,5,54,97,5,107,7,5,15,223,7019,581
41799,Tello,9,13,26,7,40,74,25,49,116,21,12,11,175,11775,578
23580,Puerto Libertador,7,44,41,30,14,62,81,55,20,12,11,150,49,42835,576
54800,Teorama,6,0,14,18,8,41,27,66,37,94,42,45,175,17040,573
99773,Cumaribo,78,7,8,67,76,25,47,92,52,55,16,6,39,76196,568
5079,Barbosa,0,2,12,100,21,13,37,14,17,125,107,78,40,53242,566
27001,Quibdó,18,5,13,152,29,24,60,60,55,72,12,5,57,130042,562
50110,Barranca de Upía,11,5,43,106,22,39,33,19,27,17,2,96,139,6513,559
41885,Yaguará,21,32,11,105,44,16,36,105,20,9,10,2,144,7774,555
68770,Suaita,0,0,4,62,22,8,52,14,144,79,49,13,105,10086,552
73067,Ataco,12,7,5,22,35,34,76,26,15,23,29,25,243,19195,552
66088,Belén de Umbría,6,2,9,177,38,5,3,2,66,181,18,9,33,24660,549
20383,La Gloria,16,5,3,20,6,26,104,144,150,21,6,15,33,17858,549
5172,Chigorodó,0,14,9,24,17,50,44,52,7,16,18,134,161,58684,546
68418,Los Santos,46,15,71,28,13,18,181,66,45,25,14,6,17,14485,545
25878,Viotá,10,30,4,84,24,37,51,76,34,25,13,4,150,13508,542
50577,Puerto Lleras,24,16,16,39,39,53,78,54,52,11,3,8,125,10359,518
15686,Santana,2,1,4,132,0,0,17,42,38,218,55,0,8,7643,517
68147,Capitanejo,5,7,13,42,5,12,90,34,27,14,4,13,250,5479,516
20250,El Paso,4,9,0,8,16,43,100,53,28,9,3,32,207,39365,512
19001,Popayán,3,8,28,305,28,6,23,8,24,50,3,3,17,321991,506
20570,Pueblo Bello,22,6,1,29,10,96,50,47,123,21,6,9,84,28298,504
5656,San Jerónimo,0,0,29,20,11,3,56,9,20,287,39,8,21,15710,503
23189,Ciénaga de Oro,6,9,7,4,31,63,38,178,36,17,5,35,73,59871,502
50251,El Castillo,14,81,40,50,6,10,19,24,10,46,59,16,124,7619,499
44560,Manaure,69,57,28,50,30,59,77,29,9,1,8,57,24,88881,498
50330,Mesetas,4,6,2,13,2,15,27,17,92,5,2,14,296,10706,495
5051,Arboletes,0,49,12,5,15,54,41,27,44,51,50,96,49,29942,493
18205,Curillo,37,46,9,102,75,49,6,4,22,57,3,2,76,7683,488
8560,Ponedera,1,6,11,40,2,3,185,104,62,13,3,6,51,24877,487
5736,Segovia,0,11,21,84,13,54,33,17,29,67,7,8,143,38692,487
23182,Chinú,9,17,13,19,45,44,34,105,24,5,3,10,157,48323,485
5665,San Pedro de Urabá,2,16,4,15,11,34,67,39,12,13,25,164,82,31571,484
47707,Santa Ana,0,7,3,14,2,9,74,64,105,16,2,2,181,25750,479
41078,Baraya,14,6,4,39,27,27,12,55,29,12,16,7,225,8282,473
63212,Córdoba,23,0,20,35,0,1,22,95,178,32,31,23,12,5687,472
73200,Coello,4,8,8,60,38,15,55,124,43,8,13,17,79,8286,472
25438,Medina,2,9,17,42,42,34,32,12,6,4,2,4,260,8064,466
27361,Istmina,3,10,7,138,129,86,14,12,26,25,1,4,11,30739,466
23686,San Pelayo,0,35,5,1,22,14,142,110,21,3,3,32,75,52481,463
85325,San Luis de Palenque,36,44,112,21,17,33,20,23,15,6,3,13,119,8378,462
68745,Simacota,42,37,6,42,10,24,163,82,10,5,3,7,26,10138,457
25612,Ricaurte,2,7,11,34,14,17,89,88,48,11,25,60,50,13652,456
17442,Marmato,2,0,3,85,2,1,9,18,253,56,11,5,10,9035,455
47170,Chivolo,1,3,0,2,0,1,62,96,15,2,0,5,267,22715,454
23670,San Andrés de Sotavento,45,68,12,42,19,13,30,73,9,8,1,7,125,48215,452
13654,San Jacinto,0,2,0,13,3,0,10,7,100,20,5,7,282,24232,449
50683,San Juan de Arama,2,15,5,47,8,27,88,10,22,9,8,24,182,8948,447
19455,Miranda,0,4,22,68,3,59,57,75,49,56,2,0,50,31733,445
73555,Planadas,9,1,12,14,2,3,156,16,13,30,13,14,154,25785,437
17877,Viterbo,33,9,70,44,8,4,51,83,34,29,7,0,65,12780,437
25530,Paratebueno,3,6,17,63,38,18,55,40,19,8,3,12,148,8786,430
47551,Pivijay,4,45,16,27,11,4,114,15,86,9,5,11,83,38203,430
50450,Puerto Concordia,2,5,22,58,21,40,29,44,16,9,4,26,152,8484,428
41006,Acevedo,66,47,16,35,6,31,33,35,31,87,11,4,25,25046,427
5893,Yondó,6,36,18,79,26,44,88,42,19,18,7,6,38,19624,427
44279,Fonseca,8,5,3,7,4,13,63,88,91,11,1,104,29,43728,427
70221,Coveñas,1,4,10,1,55,15,17,150,12,17,5,10,128,18892,425
8832,Tubará,48,61,16,29,5,4,42,168,12,8,10,11,8,18190,422
5679,Santa Bárbara,0,0,0,39,2,5,6,5,5,304,33,15,7,26944,421
47245,El Banco,31,5,2,14,2,17,59,16,101,67,5,7,93,67811,419
50124,Cabuyaro,10,7,0,17,16,40,64,111,26,5,9,12,102,6130,419
68167,Charalá,15,4,3,86,2,6,132,15,37,86,6,11,16,12256,419
23815,Tuchín,0,0,2,12,33,10,54,113,29,19,6,16,123,53744,417
41013,Agrado,28,6,4,3,6,80,49,26,56,87,2,24,46,8866,417
73616,Rioblanco,6,1,3,19,3,5,32,39,31,19,26,4,228,22660,416
20750,San Diego,13,14,9,31,2,112,37,48,32,15,2,7,87,19818,409
54720,Sardinata,13,15,23,19,18,8,21,79,41,35,8,72,57,26100,409
85225,Nunchía,44,24,40,33,5,24,24,26,23,15,9,71,71,8738,409
54553,Puerto Santander,37,34,8,46,7,34,56,74,14,7,6,42,43,8938,408
68385,Landázuri,6,34,6,34,6,39,12,36,112,11,2,0,109,10482,407
70742,San Luis de Sincé,9,22,13,7,2,11,35,86,21,10,3,2,184,31365,405
25599,Apulo,0,4,4,113,10,16,29,103,30,24,6,4,61,8457,404
13473,Morales,0,3,7,23,19,107,56,103,33,10,1,9,29,22846,400
17524,Palestina,37,7,5,112,5,6,66,68,49,27,6,2,8,15598,398
15507,Otanche,0,0,4,72,8,37,5,74,63,72,18,0,44,8002,397
20032,Astrea,4,10,0,31,2,41,40,44,39,8,0,3,173,20617,395
5790,Tarazá,2,17,5,24,14,82,6,5,7,14,5,95,118,27517,394
41357,Íquira,18,11,21,88,26,18,16,33,41,37,7,8,70,9291,394
5495,Nechí,0,2,0,9,3,5,2,7,1,4,7,207,145,26652,392
13074,Barranco de Loba,2,0,2,2,0,5,140,86,24,8,4,1,116,14996,390
73270,Falan,2,29,22,36,25,13,40,16,88,32,3,18,66,7494,390
76306,Ginebra,5,9,87,53,15,11,80,50,30,34,9,0,6,22908,389
68872,Villanueva,13,5,8,77,6,2,32,31,20,19,6,112,56,7927,387
41770,Suaza,17,5,5,28,10,34,20,22,40,38,19,9,139,22342,386
52786,Taminango,0,2,0,59,2,0,4,103,86,107,1,19,2,17866,385
5890,Yolombó,2,8,23,59,9,14,25,18,18,107,11,6,83,23050,383
18029,Albania,15,20,16,120,17,65,9,7,12,46,0,0,55,4491,382
20238,El Copey,8,2,7,16,15,17,89,23,29,14,10,43,108,30957,381
25743,Silvania,1,2,2,119,1,6,49,41,10,123,3,2,17,22550,376
70418,Los Palmitos,23,21,21,23,12,28,15,27,45,2,3,8,147,23420,375
17495,Norcasia,12,0,5,5,5,0,47,67,174,3,0,4,52,6075,374
99524,La Primavera,32,20,8,41,3,8,48,22,25,72,0,3,92,9799,374
11001,Bogotá  D.C.,0,1,0,0,0,62,148,162,0,0,0,0,0,7592871,373
17777,Supía,5,2,7,131,3,0,3,33,59,113,2,1,14,29021,373
47692,San Sebastián de Buenavista,0,1,9,15,0,2,29,57,6,86,43,2,121,20171,371
68079,Barichara,4,2,3,105,7,18,42,46,29,81,2,22,8,10674,369
54250,El Tarra,8,2,34,38,26,9,15,71,13,28,40,35,49,21145,368
8372,Juan de Acosta,20,45,15,33,14,8,51,44,34,6,3,49,44,21971,366
54099,Bochalema,22,11,14,51,12,19,40,49,30,23,10,6,79,8529,366
47053,Aracataca,14,5,6,3,0,0,26,4,17,3,2,81,202,40726,363
25851,Útica,9,4,0,46,9,7,15,87,143,19,4,5,15,4324,363
70473,Morroa,19,4,29,48,31,46,54,20,16,6,3,2,84,15495,362
20295,Gamarra,15,26,2,26,19,54,54,85,19,6,5,11,40,15458,362
47980,Zona Bananera,20,7,8,3,5,4,51,17,9,6,3,18,207,71578,358
25862,Vergara,0,19,0,0,5,2,6,3,29,288,1,0,3,6975,356
52678,Samaniego,0,2,4,14,1,3,263,7,10,21,2,5,24,28380,356
66440,Marsella,5,2,1,121,44,35,21,4,25,90,3,0,2,16782,353
73547,Piedras,1,1,3,14,13,47,51,26,18,47,6,9,117,6737,353
25658,San Francisco,0,0,0,25,1,3,40,11,163,96,5,0,7,11316,351
44090,Dibulla,15,3,30,21,13,13,81,57,27,12,0,45,34,40051,351
97001,Mitú,2,3,3,73,2,25,26,5,1,9,0,2,199,31302,350
70713,San Onofre,1,8,9,8,8,7,50,40,64,16,6,5,127,50423,349
76828,Trujillo,24,10,10,73,6,9,5,29,44,70,12,6,51,19073,349
5234,Dabeiba,1,26,0,73,13,29,30,5,12,6,6,3,145,23255,349
70702,San Juan de Betulia,18,19,28,17,19,3,39,32,79,7,1,4,80,13892,346
23068,Ayapel,1,3,1,5,9,55,11,108,25,9,5,56,56,47057,344
44035,Albania,0,2,0,0,0,62,43,136,16,6,3,37,39,30848,344
47460,Nueva Granada,0,0,1,5,0,3,29,2,4,0,0,75,224,20485,343
5856,Valparaíso,1,0,4,8,1,14,25,12,58,192,20,3,4,6462,342
41801,Teruel,16,12,24,32,90,22,16,43,12,13,8,1,50,8064,339
41206,Colombia,9,10,5,17,32,15,30,8,73,12,8,1,117,7136,337
13667,San Martín de Loba,0,1,0,30,1,27,68,32,103,26,3,1,45,14792,337
19212,Corinto,3,1,13,43,3,0,33,11,12,40,3,19,152,25342,333
66687,Santuario,16,4,4,232,10,0,4,28,6,18,6,0,3,12506,331
76041,Ansermanuevo,2,37,21,47,12,7,43,25,86,21,7,7,15,17348,330
5659,San Juan de Urabá,1,6,7,4,0,6,11,17,11,60,69,60,77,20549,329
8141,Candelaria,36,7,33,39,9,3,15,136,14,2,3,1,30,16648,328
13744,Simití,4,46,7,15,7,20,72,68,11,2,5,35,34,18678,326
25394,La Palma,7,10,9,156,3,1,7,7,12,68,22,3,19,9588,324
13838,Turbaná,1,6,0,1,2,1,56,17,2,0,1,0,229,16954,316
76670,San Pedro,1,1,35,104,8,3,57,46,16,20,8,0,15,17082,314
25053,Arbeláez,3,4,0,57,12,34,137,6,12,36,0,3,7,10825,311
20787,Tamalameque,0,0,0,1,2,102,56,81,36,7,1,1,24,15790,311
76126,Calima,11,2,20,170,20,10,18,23,6,9,3,1,17,18171,310
73854,Valle de San Juan,2,1,2,56,12,1,20,46,21,9,24,12,103,5353,309
18247,El Doncello,0,57,0,0,13,68,39,52,33,12,3,0,30,19256,307
5761,Sopetrán,0,53,24,37,18,2,51,32,33,37,4,6,8,15293,305
70678,San Benito Abad,8,5,2,35,17,6,74,21,26,18,8,3,79,29282,302
50370,Uribe,15,2,3,10,4,9,33,62,72,9,1,18,63,9388,301
76020,Alcalá,2,5,1,79,7,5,16,40,38,74,17,4,12,14189,300
20614,Río de Oro,5,3,2,30,13,18,38,48,50,15,11,5,62,17346,300
13683,Santa Rosa,7,35,2,15,14,21,91,11,42,6,1,11,44,21766,300
41676,Santa María,38,20,87,67,17,6,5,26,4,1,5,1,22,10422,299
70523,Palmito,14,5,28,20,11,23,25,52,9,4,1,30,76,14635,298
76100,Bolívar,0,0,0,1,0,41,35,35,75,68,21,2,15,15828,293
66383,La Celia,2,1,0,90,0,1,4,0,1,187,0,1,3,7448,290
41872,Villavieja,28,20,8,25,8,11,19,13,16,14,12,10,106,7247,290
17001,Manizales,14,2,2,41,0,5,14,14,153,18,11,2,13,440608,289
50270,El Dorado,12,14,1,24,9,3,28,35,34,12,17,3,97,3932,289
70717,San Pedro,10,8,9,15,4,10,60,15,24,8,3,4,115,18920,285
15223,Cubará,68,15,13,51,0,2,20,23,49,18,0,18,7,10563,284
20045,Becerril,8,3,1,11,3,48,29,16,13,4,5,20,122,22542,283
5895,Zaragoza,0,24,17,7,4,16,41,21,44,5,10,14,79,25210,282
25885,Yacopí,2,4,3,60,3,0,17,2,14,83,11,1,81,12367,281
95015,Calamar,12,7,13,11,21,23,9,32,33,19,4,56,39,9801,279
41548,Pital,3,3,5,20,35,42,30,28,12,12,8,20,58,13851,276
8849,Usiacurí,9,28,8,7,1,4,18,51,75,22,12,18,23,12743,276
5425,Maceo,0,7,7,64,5,4,6,1,6,17,5,13,141,8218,276
54673,San Cayetano,8,6,10,38,13,19,46,42,20,4,4,23,43,7442,276
54385,La Esperanza,17,4,6,32,25,15,20,13,8,2,18,62,52,11941,274
8606,Repelón,28,18,5,6,0,2,95,44,33,9,11,1,21,27249,273
15667,San Luis de Gaceno,2,1,7,23,0,6,38,14,8,21,1,0,152,5476,273
5390,La Pintada,0,5,3,5,2,21,62,57,40,53,17,1,7,8298,273
5120,Cáceres,0,4,15,19,7,10,17,62,21,8,5,80,25,29716,273
5034,Andes,0,3,1,40,3,0,5,9,14,188,6,2,1,43713,272
25491,Nocaima,3,10,1,20,30,13,8,74,94,14,2,0,3,6317,272
5190,Cisneros,0,17,3,13,7,4,21,22,25,82,43,4,27,9844,268
70265,Guaranda,20,12,3,12,2,19,13,65,30,20,17,21,30,18198,264
85125,Hato Corozal,20,8,21,25,6,48,31,37,11,4,4,16,32,12203,263
68572,Puente Nacional,2,3,2,27,1,1,39,6,2,149,21,1,9,14740,263
73352,Icononzo,5,7,29,43,3,1,15,5,45,70,5,4,31,11891,263
25718,Sasaima,1,3,1,88,1,18,15,20,75,12,8,5,14,11104,261
15185,Chitaraque,7,2,2,75,0,2,48,8,43,40,8,2,24,5843,261
99624,Santa Rosalía,12,3,1,51,16,20,54,35,15,14,9,0,31,4130,261
5129,Caldas,0,0,0,0,0,7,16,15,18,174,5,7,13,81658,255
5604,Remedios,1,10,9,15,1,5,18,25,20,42,8,1,97,29061,252
50325,Mapiripán,1,1,10,115,4,9,24,20,22,9,0,14,23,7086,252
8436,Manatí,12,5,4,7,9,3,49,59,28,0,4,4,67,20698,251
13873,Villanueva,7,4,4,21,9,20,7,33,0,1,11,2,131,24581,250
68895,Zapatoca,8,10,7,73,6,7,27,25,8,21,11,2,43,9507,248
23672,San Antero,3,2,1,0,4,12,12,55,10,3,1,20,122,34520,245
47798,Tenerife,0,0,5,6,2,15,45,2,13,2,1,5,147,13354,243
73563,Prado,1,3,13,20,6,44,36,26,29,14,6,12,32,8443,242
13670,San Pablo,1,3,4,7,31,74,16,5,17,17,3,45,19,28043,242
15455,Miraflores,27,0,0,55,0,4,9,1,41,92,0,0,13,8937,242
44378,Hatonuevo,3,21,7,7,4,2,25,86,18,6,1,38,24,21151,242
76823,Toro,5,3,52,113,3,2,4,7,21,25,1,0,2,14467,238
8770,Suan,19,30,40,9,4,2,24,82,2,4,0,1,21,12282,238
70400,La Unión,2,1,15,8,13,8,21,24,29,10,0,44,60,12701,235
54660,Salazar,41,9,16,64,3,11,16,12,22,18,1,8,14,10501,235
23500,Moñitos,1,1,1,0,7,27,39,15,13,2,2,32,94,30242,234
25335,Guayabetal,1,0,2,58,5,14,59,19,17,17,1,3,37,6485,233
41518,Paicol,16,16,3,23,0,4,41,18,13,40,2,2,54,6655,232
73520,Palocabildo,2,6,2,4,0,6,29,24,32,26,17,16,68,9773,232
54820,Toledo,11,8,10,52,12,8,14,17,7,4,20,26,43,15937,232
25662,San Juan de Rioseco,8,2,2,57,4,26,14,25,43,20,13,1,17,8324,232
5585,Puerto Nare,0,24,26,9,12,32,24,23,15,11,6,6,44,14384,232
68211,Contratación,1,2,7,53,6,1,54,15,28,39,4,6,13,3683,229
73030,Ambalema,2,1,1,37,9,12,42,19,12,36,12,28,18,6596,229
27077,Bajo Baudó,0,0,0,1,6,1,13,75,108,12,1,4,5,30263,226
23574,Puerto Escondido,0,10,1,14,11,6,45,37,7,8,8,56,22,24036,225
73226,Cunday,2,8,7,7,1,17,34,5,5,16,7,23,93,8518,225
13549,Pinillos,0,1,1,29,3,7,2,64,38,11,5,3,61,24433,225
13006,Achí,25,25,5,45,8,16,4,28,45,8,5,2,6,24610,222
68051,Aratoca,9,4,10,65,4,4,29,60,12,14,5,0,3,8368,219
68720,Santa Helena del Opón,9,0,0,76,0,22,26,4,1,62,0,3,16,3393,219
85300,Sabanalarga,18,5,19,24,5,2,17,38,38,7,2,5,37,3583,217
76869,Vijes,1,1,37,84,2,3,23,3,12,38,3,2,8,12817,217
68229,Curití,1,2,53,40,10,8,29,18,16,22,2,8,7,13028,216
13810,Tiquisio,3,4,2,12,2,3,31,67,32,12,13,4,29,18584,214
73770,Suárez,4,4,3,10,8,4,5,26,20,10,48,19,52,3788,213
5480,Mutatá,0,1,8,0,13,10,18,24,16,13,1,28,81,14196,213
15531,Pauna,0,5,0,69,1,6,5,1,28,95,2,0,1,7198,213
18756,Solano,46,1,0,2,5,22,50,6,37,26,5,3,10,11359,213
5282,Fredonia,0,2,2,4,2,0,2,3,2,183,10,2,1,24553,213
54344,Hacarí,2,3,5,15,0,4,8,8,47,42,23,27,28,10342,212
85230,Orocué,15,4,26,12,10,7,26,13,16,3,5,8,66,12514,211
5809,Titiribí,0,0,0,28,0,1,0,2,10,145,6,1,17,10716,210
5591,Puerto Triunfo,1,11,4,32,5,5,16,45,35,13,8,1,34,18550,210
76036,Andalucía,7,1,15,79,2,3,29,18,18,14,0,2,21,22515,209
5858,Vegachí,0,0,1,23,2,27,74,7,0,6,6,0,62,11910,208
5313,Granada,0,175,1,3,4,6,3,5,3,6,0,0,0,9870,206
13600,Río Viejo,8,10,3,3,1,5,117,20,12,1,3,4,17,10638,204
41244,Elías,11,1,1,13,5,19,2,13,97,20,2,0,20,4257,204
18150,Cartagena del Chairá,29,3,8,9,10,45,19,18,5,11,3,1,40,30778,201
70771,Sucre,5,0,4,13,0,9,14,71,13,11,2,6,52,30253,200
68855,Valle de San José,5,0,5,30,9,15,44,32,5,15,3,3,34,6222,200
23675,San Bernardo del Viento,0,3,0,1,3,11,14,39,3,5,4,27,88,37052,198
23090,Canalete,0,1,2,2,1,3,8,50,5,22,16,26,61,15385,197
81220,Cravo Norte,0,42,72,12,26,10,2,6,5,10,5,2,5,4042,197
70429,Majagual,5,5,9,35,8,15,9,15,32,6,4,26,28,37564,197
5792,Tarso,0,27,0,9,21,1,1,60,55,5,4,2,11,6194,196
73236,Dolores,1,0,3,115,6,7,49,4,5,1,0,0,3,8250,194
13160,Cantagallo,12,2,5,6,2,9,65,46,6,14,3,4,19,8488,193
13042,Arenal,0,1,3,2,2,1,135,9,9,0,2,2,27,7590,193
25489,Nimaima,1,0,2,9,54,10,17,1,83,11,0,1,3,3665,192
25797,Tena,1,0,1,35,2,10,48,20,13,35,2,3,22,10065,192
5660,San Luis,0,0,0,0,0,0,81,11,46,32,6,0,15,13035,191
44110,El Molino,23,9,0,20,1,1,54,25,21,4,0,29,1,7574,188
23419,Los Córdobas,7,3,1,5,6,4,47,21,2,3,25,9,53,19038,186
17444,Marquetalia,44,2,0,29,3,7,20,14,14,28,7,1,14,13368,183
68573,Puerto Parra,4,0,3,9,30,37,44,8,3,0,3,3,38,7846,182
17616,Risaralda,2,11,5,77,2,3,9,9,7,48,5,2,1,10640,181
15681,San Pablo de Borbur,0,0,0,92,0,14,24,19,17,11,1,1,1,6664,180
23300,Cotorra,2,0,0,0,2,2,56,93,9,3,0,3,10,19315,180
23464,Momil,3,6,1,0,2,22,37,22,10,16,2,5,53,19876,179
25148,Caparrapí,2,1,16,64,9,15,25,8,8,15,0,3,11,12714,177
41359,Isnos,1,3,3,23,9,52,6,20,9,16,10,9,16,25463,177
23678,San Carlos,4,9,7,6,12,12,13,39,14,5,1,9,45,27174,176
5667,San Rafael,1,0,2,65,1,1,40,10,16,32,0,0,8,15632,176
68320,Guadalupe,0,0,0,0,0,2,76,77,6,9,1,0,4,4473,175
5411,Liborina,0,1,0,9,0,0,19,9,7,39,83,4,3,10040,174
19450,Mercaderes,6,0,0,87,1,1,46,4,8,13,0,7,1,22901,174
70204,Colosó,9,11,29,7,14,10,21,17,8,5,2,1,38,8670,172
66075,Balboa,0,1,1,18,0,3,5,6,61,39,8,13,15,6348,170
70110,Buenavista,11,2,4,17,1,7,22,30,33,4,3,0,35,10727,169
25151,Cáqueza,0,3,0,10,1,10,64,47,3,10,6,1,12,17480,167
17614,Riosucio,2,2,3,25,1,3,0,5,24,98,1,0,3,51371,167
25524,Pandi,0,7,0,53,2,0,25,8,27,42,2,0,0,5146,166
19845,Villa Rica,1,5,18,43,2,5,17,15,22,28,2,4,2,21000,164
18256,El Paujíl,0,26,0,0,6,38,18,14,23,11,3,1,22,18251,162
68533,Páramo,22,8,4,13,3,5,36,17,16,14,1,5,17,4773,161
68266,Enciso,2,26,4,9,2,1,1,2,77,29,1,0,6,3444,160
5091,Betania,0,0,0,20,0,0,2,3,4,115,11,3,2,10274,160
54680,Santiago,12,6,32,16,17,9,3,24,13,4,4,10,8,3537,158
5284,Frontino,0,13,1,68,2,3,10,2,0,13,30,13,3,20657,158
70124,Caimito,7,4,1,22,9,1,16,18,24,1,3,6,46,15668,158
5138,Cañasgordas,0,2,6,1,6,2,27,2,75,26,6,1,3,15490,157
13212,Córdoba,0,2,1,4,7,15,10,13,13,24,4,3,60,16225,156
70233,El Roble,1,3,25,4,3,1,14,24,6,0,0,8,67,10215,156
5854,Valdivia,0,2,4,3,3,4,3,6,16,66,7,4,36,13950,154
70235,Galeras,6,2,10,6,6,6,23,27,38,2,0,1,26,22673,153
19318,Guapí,1,0,2,16,6,39,7,21,28,16,5,6,5,27619,152
15212,Coper,0,0,0,0,0,0,0,0,2,130,19,0,1,3585,152
47545,Pijiño del Carmen,0,3,0,58,1,2,8,32,12,2,0,2,32,12548,152
47660,Sabanas de San Ángel,0,1,41,1,0,0,1,27,13,4,0,44,20,16247,152
68549,Pinchote,16,9,10,30,6,0,20,21,10,18,3,1,7,5285,151
76497,Obando,0,6,7,58,4,4,17,11,5,24,8,2,3,12140,149
18094,Belén de Los Andaquíes,0,3,0,0,18,31,47,7,6,3,0,2,32,11102,149
15664,San José de Pare,2,0,1,103,0,1,12,1,0,22,5,1,1,4989,149
13490,Norosí,0,0,0,1,2,3,27,34,19,2,2,9,50,9587,149
44098,Distracción,3,1,5,12,4,6,18,33,12,21,1,18,13,13706,147
76606,Restrepo,1,2,10,28,3,4,7,9,18,28,30,1,6,15295,147
52001,Pasto,3,8,10,45,9,7,19,23,3,10,0,1,8,392748,146
44855,Urumita,3,11,2,25,2,4,25,11,29,3,0,26,5,11114,146
23168,Chimá,0,10,1,2,13,1,14,41,12,2,0,1,49,17738,146
68444,Matanza,11,0,4,42,3,4,15,12,7,19,15,1,13,4999,146
27430,Medio Baudó,0,0,1,14,11,4,2,3,20,60,15,1,15,15405,146
25513,Pacho,3,3,1,11,2,3,11,12,12,61,5,5,16,25046,145
68773,Sucre,7,19,18,74,14,0,3,3,1,3,0,1,1,7103,144
5361,Ituango,0,0,1,13,3,6,2,3,8,103,3,0,2,27419,144
54313,Gramalote,27,31,11,44,3,2,5,13,4,0,0,2,2,7524,144
73024,Alpujarra,3,1,5,28,1,58,28,2,5,4,0,1,7,4493,143
68176,Chima,18,6,0,31,5,0,55,3,7,1,3,3,11,2865,143
68432,Málaga,11,8,7,47,5,4,16,22,4,9,4,1,5,21339,143
54051,Arboledas,5,1,18,30,0,0,20,37,11,6,0,2,13,9860,143
70230,Chalán,1,4,13,2,11,4,20,23,38,6,0,0,20,4537,142
18410,La Montañita,19,4,6,27,7,32,6,5,9,5,3,0,19,14662,142
5543,Peque,0,0,0,66,6,3,2,0,0,58,4,1,0,8186,140
73124,Cajamarca,1,1,3,52,9,6,9,18,18,12,3,0,7,18443,139
47258,El Piñón,2,16,4,0,2,0,8,1,74,2,0,0,30,23400,139
5861,Venecia,0,12,16,13,5,2,2,9,5,63,9,1,1,11636,138
18610,San José del Fragua,0,2,0,0,40,27,9,16,0,1,1,1,41,12949,138
17042,Anserma,2,3,0,52,12,1,1,2,20,40,1,0,4,36405,138
76054,Argelia,1,1,7,103,1,0,1,5,5,8,5,0,0,5258,137
5649,San Carlos,0,1,0,0,0,0,0,76,9,26,7,8,9,15940,136
47720,Santa Bárbara de Pinto,3,0,1,13,2,27,68,6,10,1,1,0,3,10977,135
68498,Ocamonte,6,2,2,74,5,10,7,8,7,3,4,1,4,5740,133
25596,Quipile,0,3,1,27,6,2,9,2,9,59,1,0,14,6380,133
19142,Caloto,1,10,11,60,7,2,9,3,8,6,2,3,10,30143,132
5353,Hispania,0,0,0,50,1,0,0,1,9,60,4,2,0,5530,127
17013,Aguadas,2,5,3,66,3,1,4,5,28,3,6,0,0,22907,126
25823,Topaipí,0,0,0,2,0,0,1,9,94,15,0,0,5,4189,126
54239,Durania,3,4,37,33,1,1,10,7,2,3,2,2,20,4693,125
85400,Támara,6,3,2,19,2,8,15,5,4,7,2,4,48,6671,125
19533,Piamonte,2,0,1,1,10,3,2,4,7,1,5,56,32,9004,124
15377,Labranzagrande,0,0,0,1,0,26,7,1,26,6,0,0,57,3501,124
68209,Confines,24,0,8,24,4,1,8,15,4,6,12,6,12,3233,124
13780,Talaigua Nuevo,2,0,0,23,4,0,2,5,55,3,2,3,24,13106,123
13433,Mahates,17,1,1,4,3,3,20,22,1,1,0,2,47,28602,122
41483,Nátaga,6,1,6,69,1,12,12,3,4,1,2,0,5,6520,122
25123,Cachipay,1,1,2,23,2,2,12,6,2,13,3,2,52,10324,121
68861,Vélez,8,5,5,12,3,12,8,4,10,6,1,3,43,24843,120
19513,Padilla,1,1,9,38,2,1,13,5,13,22,2,4,9,9953,120
13458,Montecristo,4,5,2,13,4,10,20,3,6,9,5,22,17,17017,120
54398,La Playa,2,4,3,8,5,4,10,11,5,30,7,8,22,7821,119
25867,Vianí,0,1,1,14,1,19,5,6,34,35,1,1,1,4497,119
13030,Altos del Rosario,1,0,1,3,0,0,1,4,27,13,1,1,66,11309,118
81591,Puerto Rondón,2,3,7,16,1,18,30,7,9,0,1,5,18,4688,117
25040,Anolaima,0,0,2,9,3,3,2,10,41,40,1,0,5,14161,116
17867,Victoria,7,15,8,5,5,5,30,13,9,1,2,2,14,10255,116
15442,Maripí,0,0,0,0,0,0,0,0,0,81,20,2,12,5697,115
15401,La Victoria,4,10,13,77,10,0,0,0,0,0,0,0,0,1118,114
19050,Argelia,0,4,1,9,35,0,1,0,11,45,2,3,2,26376,113
41026,Altamira,6,0,1,33,4,3,4,15,13,23,0,3,8,4323,113
15810,Tipacoque,0,0,0,72,0,0,3,0,0,21,1,0,13,3299,110
27615,Riosucio,0,5,3,0,0,1,3,0,3,66,3,2,24,54458,110
25258,El Peñón,0,0,0,24,0,1,5,0,7,55,14,0,3,4710,109
76403,La Victoria,0,0,0,0,0,9,15,27,13,18,3,9,15,11981,109
8137,Campo de La Cruz,7,1,10,8,4,0,14,23,5,0,4,0,32,23230,108
17272,Filadelfia,1,0,0,63,2,1,1,1,1,37,0,0,0,11399,107
94343,Barranco Minas,3,3,0,1,0,0,3,76,5,1,0,0,15,8042,107
18860,Valparaíso,0,14,0,0,5,29,14,2,14,23,1,0,5,6968,107
17662,Samaná,2,0,2,2,1,1,26,6,35,13,2,4,13,20116,107
76863,Versalles,6,5,2,15,1,2,2,2,13,55,3,0,1,7070,107
13894,Zambrano,0,0,5,5,2,0,39,3,6,2,1,4,40,12113,107
68296,Galán,0,0,2,35,1,2,38,6,3,10,1,1,6,2883,105
15518,Pajarito,0,1,5,6,0,17,24,9,9,10,1,0,23,2400,105
52079,Barbacoas,8,0,0,4,3,0,7,9,11,11,19,15,17,56195,104
8549,Piojó,2,14,5,9,3,0,14,22,24,3,0,7,0,6873,103
5044,Anzá,0,1,0,37,20,0,9,28,2,0,1,0,5,7085,103
5789,Támesis,1,2,0,63,1,2,2,3,3,23,1,0,1,16193,102
15131,Caldas,6,8,11,64,7,0,2,1,1,0,0,0,2,3127,102
19785,Sucre,0,0,0,0,0,1,6,7,5,75,2,0,5,9582,101
68217,Coromoro,1,2,1,47,3,0,1,3,1,11,22,7,2,5009,101
13580,Regidor,0,0,2,8,1,0,42,20,14,3,0,0,10,6983,100
25754,Soacha,6,1,11,24,6,13,23,6,2,2,0,0,5,709276,99
54518,Pamplona,30,5,14,19,2,2,9,7,3,4,1,0,3,52240,99
15299,Garagoa,0,0,1,66,1,6,12,5,3,2,0,0,2,18144,98
25398,La Peña,9,11,4,13,4,1,21,1,7,8,5,5,8,5976,97
5842,Uramita,0,0,15,0,0,2,3,34,29,13,0,0,1,6875,97
25805,Tibacuy,0,0,0,12,0,0,0,2,5,74,0,0,3,4477,96
47268,El Retén,0,2,1,0,1,0,6,17,2,2,0,53,12,20455,96
68327,Güepsa,1,13,10,38,0,6,2,3,2,1,1,0,18,5222,95
41530,Palestina,2,2,1,36,3,5,6,9,7,9,4,3,7,11282,94
76845,Ulloa,20,0,2,19,2,0,1,0,0,35,1,0,14,5412,94
25592,Quebradanegra,1,0,4,22,5,11,11,17,4,8,2,1,6,4807,92
5142,Caracolí,0,3,0,0,3,0,17,37,5,5,3,3,16,4537,92
5885,Yalí,0,1,11,54,1,2,9,2,0,4,0,0,7,7630,91
5002,Abejorral,0,1,0,79,1,0,0,0,2,5,1,2,0,20258,91
63272,Filandia,7,5,0,10,3,4,3,3,10,23,6,10,6,12154,90
5093,Betulia,0,4,1,6,0,2,2,2,2,49,12,8,1,15736,89
66456,Mistrató,4,8,4,34,9,0,2,4,9,10,0,1,3,17110,88
27491,Nóvita,0,0,4,11,49,13,0,3,1,3,0,1,3,9116,88
15580,Quípama,0,1,0,3,0,0,2,2,16,62,1,1,0,4939,88
41660,Saladoblanco,3,1,4,16,8,13,9,1,1,3,1,2,25,10502,87
73873,Villarrica,0,1,2,5,0,1,41,24,3,4,2,1,3,5021,87
68298,Gámbita,1,1,2,44,3,6,11,5,5,5,3,0,1,4008,87
5642,Salgar,0,1,2,2,0,0,19,29,5,22,1,0,5,18218,86
47960,Zapayán,0,13,6,1,0,0,9,24,0,0,0,4,29,10293,86
23682,San José de Uré,0,0,0,0,0,1,11,5,11,0,2,54,2,13584,86
68669,San Andrés,0,0,0,0,0,9,4,4,9,55,3,0,2,8613,86
19300,Guachené,0,0,0,2,5,2,17,4,17,15,2,0,21,19850,85
17433,Manzanares,1,0,0,72,0,1,2,7,0,0,0,0,2,17805,85
23079,Buenavista,0,0,9,1,2,10,3,21,9,3,2,16,6,21274,82
76243,El Águila,0,0,0,13,3,14,1,14,3,18,6,1,9,8696,82
68524,Palmas del Socorro,0,1,3,14,2,0,26,3,10,15,2,0,6,2584,82
19110,Buenos Aires,0,0,1,8,0,4,5,10,12,32,4,0,6,31754,82
47703,San Zenón,0,1,0,3,3,4,4,9,14,22,0,4,17,12104,81
15135,Campohermoso,0,0,1,38,0,1,0,2,34,2,0,0,3,3082,81
13620,San Cristóbal,2,0,0,3,0,0,8,11,2,0,1,1,51,8330,79
68322,Guapotá,2,2,1,23,4,1,8,3,1,1,1,0,31,2394,78
68160,Cepitá,5,3,0,0,0,0,19,23,9,15,2,0,2,2018,78
15104,Boyacá,6,2,13,24,4,3,6,3,5,6,0,2,4,5103,78
47030,Algarrobo,8,1,0,4,1,0,9,10,1,0,0,21,23,16194,78
27205,Condoto,1,0,1,16,22,16,4,4,4,5,1,1,3,12464,78
15514,Páez,2,0,1,54,4,0,4,8,1,1,0,0,2,3256,77
68092,Betulia,2,1,4,9,7,19,7,14,3,3,3,0,3,6003,75
23350,La Apartada,0,2,0,0,0,7,1,12,8,3,2,16,24,15058,75
27800,Unguía,0,21,3,13,3,0,0,3,1,1,1,4,25,12821,75
13760,Soplaviento,1,1,3,6,0,1,0,28,30,0,0,1,4,10733,75
5040,Anorí,0,7,0,6,1,1,3,10,21,3,4,3,16,18737,75
18479,Morelia,0,0,0,0,9,42,4,2,5,11,0,1,1,3718,75
54377,Labateca,3,8,8,28,4,0,4,4,1,0,1,6,8,6443,75
25168,Chaguaní,0,0,0,27,0,0,16,0,3,0,0,0,28,4255,74
5240,Ebéjico,0,0,1,11,0,2,2,0,6,46,3,3,0,12108,74
13188,Cicuco,0,3,1,5,0,0,10,4,32,10,6,0,2,13903,73
27580,Río Iró,0,0,0,23,24,4,0,1,15,5,0,0,1,5537,73
47570,Puebloviejo,2,0,2,1,1,7,27,5,4,2,0,1,21,31151,73
13442,María La Baja,0,4,0,2,0,3,3,14,16,1,0,3,26,47389,72
13140,Calamar,0,0,0,0,0,1,8,36,5,3,1,8,10,22794,72
54670,San Calixto,2,1,1,6,1,0,2,6,5,17,4,3,23,12127,71
52520,Francisco Pizarro,2,0,0,0,2,0,15,22,1,1,1,0,27,14176,71
5059,Armenia,1,13,1,15,2,2,2,9,9,16,0,0,1,5085,71
54599,Ragonvalia,2,3,5,19,1,4,4,22,2,1,1,1,6,6149,71
18460,Milán,0,1,0,0,7,29,25,1,3,3,0,0,1,9838,70
68101,Bolívar,0,0,0,0,0,3,15,12,13,4,2,2,19,11073,70
19517,Páez,0,0,0,0,0,6,3,28,15,10,2,2,4,46278,70
17088,Belalcázar,6,0,2,35,2,0,5,1,9,7,0,0,1,10634,68
19256,El Tambo,0,0,1,27,0,1,21,3,2,9,1,1,1,53840,67
91407,La Pedrera,1,0,0,1,1,1,0,44,2,3,0,0,14,3882,67
5887,Yarumal,0,3,0,13,4,1,3,11,13,11,4,1,3,42116,67
13673,Santa Catalina,0,3,0,3,0,0,13,3,3,1,1,1,38,14747,66
13647,San Estanislao,3,2,0,0,1,2,3,5,4,0,1,1,44,18729,66
5615,Rionegro,4,2,3,22,6,3,12,6,5,0,1,0,2,139553,66
5197,Cocorná,0,1,0,3,0,2,0,1,1,38,2,1,17,15042,66
68684,San José de Miranda,6,0,1,8,2,3,12,7,6,11,1,3,6,4313,66
66594,Quinchía,14,7,0,19,1,3,1,2,3,12,3,0,1,27235,66
25645,San Antonio del Tequendama,0,1,1,5,1,2,1,3,10,22,10,2,7,12340,65
17653,Salamina,0,0,1,26,2,1,0,17,3,13,2,0,0,19387,65
18785,Solita,0,7,0,0,10,19,15,6,2,1,0,0,5,6280,65
19780,Suárez,0,0,0,0,0,1,4,3,2,22,4,0,28,32226,64
54871,Villa Caro,10,2,1,8,0,2,15,14,0,1,0,1,10,5172,64
25269,Facatativá,1,0,1,7,7,14,24,2,3,2,1,1,0,148001,63
27810,Unión Panamericana,1,0,2,17,24,7,3,0,0,2,0,1,6,6909,63
25095,Bituima,0,2,0,9,0,1,10,16,1,22,0,1,0,2507,62
23586,Purísima de La Concepción,0,6,3,2,2,3,12,20,1,3,0,4,6,17411,62
66572,Pueblo Rico,31,0,3,10,1,0,1,3,5,6,0,0,2,16309,62
63111,Buenavista,2,0,0,26,1,1,4,2,12,9,0,2,3,3107,62
19809,Timbiquí,0,5,0,14,4,4,3,6,7,3,6,4,5,26363,61
20310,González,0,2,1,3,2,2,1,1,1,11,2,0,35,4469,61
85015,Chámeza,0,1,5,7,1,0,1,1,1,0,1,0,43,2571,61
41378,La Argentina,2,1,2,31,1,2,4,4,2,10,0,0,2,13021,61
68344,Hato,11,0,16,14,0,0,10,2,4,2,0,1,1,2349,61
54418,Lourdes,1,4,4,12,7,5,6,10,6,4,0,1,0,4091,60
13222,Clemencia,0,1,0,2,2,8,9,7,0,0,4,0,27,15014,60
52250,El Charco,1,4,0,0,1,8,3,6,16,3,3,3,12,22528,60
27006,Acandí,0,1,0,2,5,0,1,15,1,6,2,14,12,14085,59
5670,San Roque,0,3,2,2,1,5,6,8,4,23,1,0,4,21533,59
19548,Piendamó - Tunía,0,0,0,6,7,2,6,15,13,7,0,1,1,41362,58
5756,Sonsón,1,4,0,7,3,1,3,6,3,3,0,2,25,36394,58
5347,Heliconia,1,2,0,1,0,0,0,6,4,41,0,2,1,5400,58
25518,Paime,0,0,0,0,1,0,0,44,3,4,5,0,0,4206,57
73043,Anzoátegui,0,0,1,4,2,1,6,12,5,6,4,1,14,10110,56
73870,Villahermosa,0,0,1,13,0,0,1,1,6,12,4,4,14,9216,56
13268,El Peñón,0,2,0,3,0,1,2,2,44,0,0,0,2,7884,56
19075,Balboa,1,0,2,22,2,2,10,1,1,11,1,1,2,21270,56
68250,El Peñón,1,1,0,1,0,0,3,3,1,1,1,0,44,5405,56
5113,Buriticá,0,0,0,1,0,0,1,1,3,12,26,1,10,9502,55
5647,San Andrés de Cuerquía,0,0,0,0,0,1,2,5,4,4,1,0,38,7240,55
27073,Bagadó,0,1,0,1,1,0,0,1,12,31,4,2,1,11149,54
13655,San Jacinto del Cauca,0,4,8,4,1,3,10,0,2,7,3,9,3,10305,54
13650,San Fernando,4,0,0,9,0,0,1,2,16,6,1,0,14,12813,53
8675,Santa Lucía,4,3,1,6,2,2,2,23,2,5,0,0,3,16624,53
13440,Margarita,1,0,0,13,2,6,3,1,9,8,1,0,9,10913,53
27450,Medio San Juan,0,0,3,21,0,7,1,0,9,6,3,0,3,10718,53
25483,Nariño,0,0,1,7,7,3,6,6,3,2,4,11,2,2395,52
27135,El Cantón del San Pablo,0,0,0,8,12,8,4,0,11,2,1,1,4,6210,51
47675,Salamina,2,2,5,2,0,0,9,3,24,0,0,1,3,11043,51
25175,Chía,2,2,8,16,1,2,8,1,2,3,0,2,4,141308,51
68464,Mogotes,4,2,2,6,5,1,4,11,1,10,1,1,3,10576,51
13248,El Guamo,12,2,0,1,2,1,9,2,2,11,2,3,4,8825,51
25324,Guataquí,0,0,2,15,2,3,4,6,16,0,0,1,2,2811,51
25839,Ubalá,0,0,0,16,1,1,4,1,0,1,0,0,26,7696,50
68162,Cerrito,1,2,11,19,0,0,2,5,1,7,1,1,0,6838,50
68820,Tona,5,1,6,11,0,2,7,7,1,4,0,0,6,7562,50
15690,Santa María,0,0,0,0,0,5,4,18,4,11,0,4,4,3518,50
25580,Pulí,1,6,0,32,1,0,1,2,1,1,1,1,2,3369,49
47745,Sitionuevo,0,1,1,5,0,1,17,11,3,3,0,5,2,28254,49
52490,Olaya Herrera,0,0,0,0,2,3,8,3,6,9,2,1,14,25282,48
5107,Briceño,0,0,0,0,0,2,3,2,2,1,4,27,7,8065,48
5628,Sabanalarga,0,6,1,12,1,0,13,4,4,4,2,0,1,9155,48
52473,Mosquera,0,0,0,14,3,3,4,6,3,8,1,0,6,12283,48
15816,Togüí,4,6,1,0,0,0,2,1,4,19,4,0,6,4330,47
5368,Jericó,0,1,0,6,1,0,1,7,2,22,5,1,0,13637,46
15097,Boavita,0,0,0,1,0,0,0,1,0,38,0,0,6,4888,46
52480,Nariño,2,1,2,8,1,0,4,2,2,7,3,6,8,4355,46
54223,Cucutilla,2,1,7,10,1,2,11,6,2,0,0,0,4,8307,46
27250,El Litoral del San Juan,0,0,0,1,0,13,16,9,4,0,1,0,2,22242,46
52540,Policarpa,0,2,3,22,0,0,5,2,0,9,0,0,3,9827,46
73152,Casabianca,2,1,0,1,1,1,2,2,1,7,3,9,16,6326,46
5376,La Ceja,0,6,1,14,4,0,7,6,1,4,0,0,2,66746,45
5690,Santo Domingo,2,3,2,4,4,1,1,1,0,4,13,1,9,12326,45
25899,Zipaquirá,1,1,1,10,10,3,9,4,1,3,0,1,1,138654,45
25368,Jerusalén,0,2,1,8,0,0,3,1,3,3,0,11,13,2283,45
54109,Bucarasica,1,1,2,6,8,1,4,9,3,1,1,1,7,6472,45
41503,Oporapa,1,0,1,3,1,3,6,5,14,3,3,1,3,11779,44
52696,Santa Bárbara,0,0,0,0,3,0,1,23,15,1,0,1,0,13331,44
27075,Bahía Solano,1,0,1,3,0,0,0,4,5,5,9,4,11,10207,43
68377,La Belleza,1,1,0,1,1,0,3,1,2,6,1,0,26,6174,43
52427,Magüí,0,0,0,0,2,0,0,1,0,2,1,1,35,25214,42
76246,El Cairo,4,4,2,6,1,5,7,4,3,5,1,0,0,6637,42
52399,La Unión,1,0,1,17,2,0,4,3,5,5,1,2,1,31803,42
63548,Pijao,0,0,1,10,2,0,3,5,7,5,1,0,6,5146,40
19397,La Vega,0,0,0,0,0,1,5,11,15,7,0,1,0,24542,40
63690,Salento,0,6,1,6,4,1,1,3,5,5,5,1,2,9399,40
66318,Guática,11,1,1,18,3,1,2,0,0,3,0,0,0,12108,40
19137,Caldono,1,3,3,7,1,0,4,2,0,3,2,9,4,40898,39
5440,Marinilla,0,1,0,5,2,1,5,10,4,6,0,1,4,66399,39
5819,Toledo,2,1,0,9,1,4,3,6,8,2,1,2,0,5005,39
54128,Cáchira,2,2,4,5,0,1,4,11,2,0,1,2,4,11096,38
25328,Guayabal de Síquima,0,2,0,1,1,2,3,21,2,4,1,0,1,4587,38
15238,Duitama,4,2,1,22,0,0,4,1,0,0,0,0,3,124780,37
5364,Jardín,0,3,0,5,0,2,1,2,3,14,0,4,3,14662,37
27050,Atrato,0,2,1,1,0,1,0,8,3,16,0,1,4,6145,37
13300,Hatillo de Loba,1,1,0,0,1,0,10,0,6,10,0,3,4,12699,36
52405,Leiva,1,0,0,0,0,0,0,0,19,12,2,1,1,9653,36
17541,Pensilvania,1,1,0,1,0,0,1,0,25,5,0,1,0,19781,35
68207,Concepción,0,2,0,17,1,0,1,4,4,1,0,0,5,5738,35
27160,Cértegui,0,0,0,2,9,3,3,1,4,1,2,9,0,5705,34
27787,Tadó,2,0,1,3,6,4,3,3,3,4,2,0,3,17925,34
68522,Palmar,1,0,2,5,0,2,3,2,13,2,1,0,3,1386,34
19807,Timbío,0,0,0,6,1,0,7,2,2,8,2,0,5,35895,33
88564,Providencia,10,0,0,0,0,6,4,4,2,2,0,1,4,6124,33
73622,Roncesvalles,0,0,1,13,7,2,1,1,4,0,0,0,3,5467,32
5467,Montebello,0,1,1,6,0,1,2,0,0,19,1,1,0,6635,32
19100,Bolívar,0,0,0,0,0,5,16,2,0,5,2,0,2,37327,32
5321,Guatapé,0,0,0,1,0,0,1,1,3,23,2,0,1,8548,32
5031,Amalfi,0,3,0,0,1,3,2,3,5,4,2,3,6,26552,32
68121,Cabrera,3,2,0,5,6,1,1,7,3,3,0,1,0,1983,32
15322,Guateque,0,2,0,17,2,1,4,2,1,1,0,2,0,10809,32
54520,Pamplonita,2,0,2,17,1,2,2,0,2,0,1,2,0,5628,31
5664,San Pedro de Los Milagros,0,1,0,3,0,0,6,6,2,5,0,4,4,22447,31
68169,Charta,3,7,0,6,0,2,0,4,3,4,1,0,1,2883,31
66045,Apía,3,0,2,18,3,1,1,2,0,1,0,0,0,12276,31
68502,Onzaga,7,0,1,5,0,1,2,1,6,6,0,0,1,4111,30
5318,Guarne,0,1,0,7,1,0,5,4,1,10,1,0,0,56774,30
68682,San Joaquín,3,0,5,6,1,0,6,2,4,0,0,1,1,2215,29
5686,Santa Rosa de Osos,0,0,0,12,1,2,7,0,1,2,4,0,0,37143,29
15798,Tenza,0,0,1,25,1,0,1,0,0,0,0,0,0,3828,28
52356,Ipiales,0,1,0,0,0,1,3,5,3,3,2,5,5,115992,28
68673,San Benito,10,1,0,3,0,3,1,0,0,0,2,5,3,2957,28
5501,Olaya,0,0,0,1,1,0,11,0,1,8,4,0,2,3150,28
17873,Villamaría,4,0,0,3,0,0,1,5,4,8,2,0,1,66189,28
15759,Sogamoso,2,3,2,1,0,4,9,3,1,0,0,0,3,129346,28
25594,Quetame,0,0,1,1,1,1,1,7,0,2,2,0,11,5176,27
5847,Urrao,0,0,0,3,2,1,2,1,5,8,1,1,3,30484,27
5674,San Vicente Ferrer,1,4,0,5,2,5,3,0,5,2,0,0,0,22258,27
25086,Beltrán,0,0,1,10,0,1,4,3,1,1,2,0,3,1832,26
25649,San Bernardo,0,0,0,7,1,0,3,2,1,10,0,0,2,8703,26
25473,Mosquera,0,2,2,7,0,7,6,2,0,0,0,0,0,141171,26
52612,Ricaurte,0,1,0,0,0,1,3,7,6,3,0,0,4,19885,25
25430,Madrid,0,1,4,6,0,3,3,1,1,2,1,0,3,120067,25
5209,Concordia,0,2,0,3,2,1,1,1,2,9,2,0,2,21504,25
73686,Santa Isabel,0,0,2,7,1,2,5,1,1,2,0,0,4,5710,25
17486,Neira,0,0,0,4,6,1,7,1,1,1,1,0,3,21040,25
76250,El Dovio,0,1,2,5,1,0,4,2,3,2,2,1,2,8711,25
15218,Covarachía,0,0,0,4,0,0,0,1,2,1,0,0,16,2742,24
68780,Suratá,5,0,0,4,1,0,2,0,2,1,0,2,7,3977,24
95200,Miraflores,1,0,2,0,3,2,6,7,0,0,1,1,0,6898,23
15533,Paya,1,0,0,0,0,0,17,2,2,0,0,1,0,2616,23
19130,Cajibío,0,0,0,6,1,1,0,3,2,3,1,5,1,42439,23
15001,Tunja,3,3,2,6,1,3,2,2,1,0,0,0,0,176347,23
68318,Guaca,0,0,1,2,1,0,0,4,4,6,2,2,1,5900,23
5607,Retiro,0,2,0,5,0,3,4,1,4,3,0,0,0,24185,22
85279,Recetor,0,0,4,2,0,0,2,4,1,1,0,3,5,1718,22
15090,Berbeo,0,0,0,0,0,0,14,0,2,2,0,0,4,1587,22
25506,Venecia,0,2,0,1,0,1,0,0,3,14,0,0,0,4320,21
5697,El Santuario,0,0,1,5,2,0,1,3,5,2,1,1,0,36043,21
27660,San José del Palmar,1,0,1,2,2,1,6,0,2,2,1,1,2,5015,21
5148,El Carmen de Viboral,0,2,0,3,1,0,3,4,2,5,1,0,0,61122,21
27150,Carmen del Darién,0,0,0,0,1,0,0,1,2,3,0,3,11,18930,21
44420,La Jagua del Pilar,1,2,8,0,0,0,1,0,0,2,1,0,5,3686,20
27025,Alto Baudó,0,0,0,5,1,4,0,1,2,4,1,1,1,27982,20
27745,Sipí,1,0,0,4,7,3,0,0,2,1,0,0,2,3202,20
17388,La Merced,0,0,0,15,0,0,0,0,1,3,0,0,1,5916,20
52256,El Rosario,0,1,0,5,0,0,0,4,4,1,0,5,0,12169,20
68397,La Paz,2,3,1,5,0,0,5,1,1,0,0,0,2,4921,20
68324,Guavatá,0,2,1,14,0,0,1,1,0,0,0,0,1,4200,20
25286,Funza,2,2,2,5,0,1,3,0,1,2,0,0,2,99387,20
27099,Bojayá,0,0,0,2,0,0,0,0,4,4,0,7,2,12212,19
15673,San Mateo,0,0,1,0,1,0,0,1,3,1,1,0,11,3204,19
5873,Vigía del Fuerte,0,1,0,5,0,0,0,2,0,1,4,5,1,9265,19
76377,La Cumbre,1,0,0,3,0,1,2,0,6,3,0,0,2,16422,18
68686,San Miguel,1,2,1,0,0,1,3,2,1,0,0,0,7,2494,18
5483,Nariño,0,3,1,0,0,0,8,2,3,1,0,0,0,9997,18
27413,Lloró,0,0,0,2,0,0,1,8,0,6,1,0,0,9850,18
68179,Chipatá,0,0,0,2,15,0,0,0,0,1,0,0,0,5084,18
47161,Cerro de San Antonio,0,1,0,0,1,0,1,0,0,1,0,0,14,9885,18
52258,El Tablón de Gómez,0,1,0,7,1,0,0,2,3,3,0,0,0,14296,17
73461,Murillo,0,0,0,1,1,0,7,0,0,3,1,1,3,4129,17
19473,Morales,1,0,0,2,0,3,0,1,4,3,1,1,1,39516,17
85315,Sácama,2,0,2,2,3,2,6,0,0,0,0,0,0,2073,17
15832,Tununguá,0,0,0,6,0,0,0,1,0,9,0,0,0,1559,16
68368,Jesús María,0,0,0,0,0,0,0,2,0,3,3,1,7,3337,16
25377,La Calera,0,1,5,5,1,3,1,0,0,0,0,0,0,31432,16
68867,Vetas,1,0,0,6,0,1,1,2,2,0,0,2,1,2142,16
52036,Ancuyá,1,0,0,1,0,1,2,0,3,8,0,0,0,8678,16
27600,Río Quito,1,0,1,0,0,0,1,4,0,2,2,1,3,8355,15
5237,Donmatías,0,0,0,1,0,0,0,2,4,3,2,2,1,19332,15
5310,Gómez Plata,0,0,0,1,0,0,3,1,3,3,2,0,2,9828,15
52215,Córdoba,0,0,1,0,0,5,4,0,2,1,0,1,1,15496,15
68245,El Guacamayo,0,0,2,0,0,2,0,1,4,3,1,0,2,2119,15
19743,Silvia,0,0,2,5,1,0,0,1,2,0,3,0,0,37713,14
27495,Nuquí,0,0,1,0,0,0,3,3,1,2,1,1,2,16459,14
15516,Paipa,0,0,3,4,0,2,3,1,0,1,0,0,0,34177,14
5125,Caicedo,0,0,0,2,1,1,0,0,1,8,1,0,0,8420,14
52621,Roberto Payán,2,1,2,0,0,0,0,0,0,2,0,1,6,12681,14
47205,Concordia,0,0,0,0,0,0,0,2,2,0,1,1,8,10908,14
52687,San Lorenzo,0,0,0,0,0,1,2,0,1,8,0,0,2,18435,14
13062,Arroyohondo,0,0,1,0,1,0,1,3,0,1,0,1,5,8504,13
5541,Peñol,0,0,0,0,0,2,0,1,3,4,0,0,3,21427,13
19355,Inzá,1,0,0,5,0,1,0,1,1,2,0,2,0,29170,13
19392,La Sierra,0,0,1,9,2,0,0,0,1,0,0,0,0,10674,13
68370,Jordán,0,0,0,0,0,1,6,1,1,0,0,1,3,1325,13
68152,Carcasí,0,3,0,0,0,1,0,2,3,3,1,0,0,4263,13
19821,Toribío,0,0,3,1,3,0,1,1,1,1,1,0,1,36016,13
19418,López de Micay,0,0,1,2,0,0,0,3,2,2,0,1,2,18761,13
25785,Tabio,2,0,0,3,1,1,0,2,0,1,0,0,3,22983,13
68705,Santa Bárbara,0,0,0,0,0,2,4,1,2,1,2,0,1,2425,13
91540,Puerto Nariño,0,0,0,0,1,4,0,0,0,3,1,1,3,9997,13
25535,Pasca,0,1,0,2,2,0,0,2,2,2,0,0,1,9341,12
25758,Sopó,1,0,2,2,0,1,3,1,1,1,0,0,0,27456,12
47605,Remolino,0,0,1,1,0,0,5,2,1,1,0,0,1,11702,12
25183,Chocontá,0,2,0,2,1,1,1,0,0,2,0,1,2,21425,12
25297,Gachetá,0,0,1,1,2,0,4,1,1,1,0,1,0,8439,12
5576,Pueblorrico,0,0,0,1,0,2,2,0,0,3,2,1,1,8681,12
68264,Encino,0,1,1,4,2,0,2,1,0,0,0,0,1,2567,12
25279,Fómeque,0,0,0,1,1,1,2,3,0,0,0,2,2,12367,12
25120,Cabrera,0,0,0,4,0,0,1,1,4,1,0,1,0,4885,12
5652,San Francisco,0,0,0,0,0,0,2,4,4,0,2,0,0,5776,12
25777,Supatá,0,0,0,7,0,0,0,2,1,0,0,1,1,5361,12
5021,Alejandría,0,0,0,5,0,0,1,0,0,5,0,0,0,4669,11
25181,Choachí,0,0,0,3,1,3,1,0,2,0,0,0,1,11213,11
25178,Chipaque,0,0,2,3,0,2,0,1,0,2,1,0,0,9748,11
19622,Rosas,0,0,0,0,0,1,0,0,2,5,1,0,2,11495,11
27425,Medio Atrato,0,1,0,2,0,0,1,0,5,1,0,0,1,10817,11
52435,Mallama,0,0,0,1,0,0,0,6,2,1,0,0,1,8960,11
25099,Bojacá,0,0,0,1,0,1,2,1,2,3,0,0,0,10524,10
54174,Chitagá,2,0,1,2,0,1,1,1,0,2,0,0,0,12042,10
68132,California,0,1,0,3,0,1,0,4,1,0,0,0,0,2186,10
94884,Puerto Colombia,4,0,0,1,0,1,0,1,0,1,0,0,2,1934,10
5400,La Unión,0,0,1,0,0,1,2,1,0,4,0,1,0,21963,10
94883,San Felipe,1,3,0,0,0,0,0,2,1,0,0,0,3,1706,10
5475,Murindó,0,1,0,0,0,0,0,1,1,0,0,2,5,5088,10
25817,Tocancipá,0,0,1,3,1,2,1,1,0,0,0,0,1,43020,10
25653,San Cayetano,0,1,1,2,0,2,1,1,0,0,0,1,1,4892,10
5306,Giraldo,0,0,0,0,0,1,2,0,2,1,0,1,2,5652,9
15897,Zetaquira,0,0,0,2,0,0,5,0,0,2,0,0,0,4621,9
68013,Aguada,4,0,0,0,0,0,0,2,0,2,1,0,0,1858,9
5315,Guadalupe,0,0,0,0,0,3,0,1,1,3,1,0,0,6607,9
25126,Cajicá,0,1,0,2,1,2,0,1,1,1,0,0,0,87866,9
27245,El Carmen de Atrato,0,0,0,1,1,1,1,1,0,2,0,1,1,8197,9
50686,San Juanito,0,0,1,0,0,2,1,0,1,1,0,0,3,1266,9
5134,Campamento,0,0,0,1,1,0,0,4,0,3,0,0,0,9202,9
5038,Angostura,0,0,0,2,0,0,0,2,4,1,0,0,0,11462,9
52390,La Tola,1,0,0,2,0,0,3,0,1,1,1,0,0,7441,9
52838,Túquerres,1,1,0,0,0,1,1,0,2,0,0,1,2,44650,9
52254,El Peñol,0,0,0,0,0,0,0,0,0,5,0,1,3,7443,9
25312,Granada,1,0,0,2,0,0,2,1,0,2,0,0,0,7566,8
5004,Abriaquí,0,0,0,3,0,0,0,0,0,2,0,1,2,2710,8
52378,La Cruz,0,0,0,3,0,1,1,0,0,2,1,0,0,18697,8
68468,Molagavita,1,2,1,3,0,0,0,0,0,0,1,0,0,4105,8
5055,Argelia,0,0,0,3,0,0,0,2,0,2,0,1,0,7577,8
68271,Florián,0,0,0,0,0,0,3,2,0,1,1,0,1,5569,8
5036,Angelópolis,0,0,0,1,0,0,0,1,1,5,0,0,0,5790,8
97161,Carurú,0,0,0,1,0,1,0,4,1,0,0,0,1,3056,8
25214,Cota,0,1,0,4,0,0,1,0,1,1,0,0,0,34948,8
52203,Colón,1,0,0,5,0,0,0,1,0,1,0,0,0,8403,8
15176,Chiquinquirá,1,1,1,2,0,0,2,0,1,0,0,0,0,57101,8
15106,Briceño,0,0,0,0,0,0,0,0,0,7,0,0,0,2175,7
73347,Herveo,0,0,0,2,0,0,0,2,0,1,2,0,0,7266,7
25019,Albán,0,0,1,2,0,2,0,1,0,1,0,0,0,6650,7
54347,Herrán,0,0,0,5,0,0,1,1,0,0,0,0,0,7087,7
27372,Juradó,0,0,0,2,0,0,2,1,0,0,0,0,2,6774,7
25841,Ubaque,0,0,0,1,2,1,0,1,1,0,0,1,0,6875,7
19364,Jambaló,0,0,1,1,0,1,2,0,0,2,0,0,0,18240,7
47541,Pedraza,1,0,0,0,0,0,4,0,1,1,0,0,0,9225,7
5658,San José de La Montaña,0,0,0,2,2,0,1,1,1,0,0,0,0,3706,7
5206,Concepción,0,0,0,2,0,0,2,2,0,1,0,0,0,4760,7
52418,Los Andes,0,0,0,0,0,0,0,1,2,2,0,0,2,9376,7
17665,San José,0,0,1,2,0,0,2,0,1,1,0,0,0,4875,7
15660,San Eduardo,1,2,0,2,0,0,0,0,1,1,0,0,0,1676,7
52699,Santacruz,1,0,0,0,2,0,1,1,0,0,0,0,2,10939,7
50245,El Calvario,2,0,0,0,0,0,0,3,0,0,0,1,0,1696,6
25740,Sibaté,0,0,1,0,0,0,2,0,0,1,0,0,2,35102,6
15172,Chinavita,0,0,0,2,0,0,2,0,1,1,0,0,0,3198,6
25843,Villa de San Diego de Ubaté,0,0,0,4,0,0,1,0,0,0,0,0,1,44802,6
19701,Santa Rosa,0,0,0,0,0,2,1,0,0,1,0,0,2,5354,6
25898,Zipacón,0,1,1,1,0,0,1,0,0,0,0,1,1,4836,6
25260,El Rosal,0,1,0,0,0,1,2,1,0,1,0,0,0,23417,6
15407,Villa de Leyva,0,0,0,0,0,1,2,1,0,1,1,0,0,16617,6
17050,Aranzazu,2,0,0,1,0,0,0,1,0,1,0,0,1,10533,6
52683,Sandoná,0,0,0,0,0,0,3,0,0,2,0,0,1,20184,6
52411,Linares,0,0,0,2,0,0,0,2,0,1,0,0,1,10098,6
52260,El Tambo,0,0,0,1,0,0,1,0,0,3,0,0,1,13986,6
54125,Cácota,3,0,1,0,1,0,0,0,1,0,0,0,0,2855,6
5086,Belmira,0,1,0,0,0,0,0,0,0,3,0,1,0,6054,5
25871,Villagómez,0,0,0,0,0,0,0,0,3,2,0,0,0,1783,5
15380,La Capilla,0,0,0,1,0,1,1,0,0,1,0,1,0,2686,5
68425,Macaravita,0,0,0,1,0,0,1,0,1,0,0,2,0,2125,5
52565,Providencia,1,1,0,0,0,0,1,0,1,1,0,0,0,5562,5
52233,Cumbitara,0,0,0,0,0,0,1,0,1,2,0,0,1,5843,5
52240,Chachagüí,0,0,0,0,0,1,0,0,2,1,0,1,0,15328,5
25799,Tenjo,0,0,2,2,0,0,0,0,0,0,0,1,0,23052,5
97511,Pacoa,0,0,0,0,0,0,0,0,0,1,0,0,4,4229,5
54480,Mutiscua,1,0,2,1,0,0,0,0,1,0,0,0,0,4373,5
17513,Pácora,0,0,0,1,0,1,1,0,2,0,0,0,0,15296,5
86219,Colón,0,0,3,0,1,0,0,0,0,0,0,0,0,5469,4
25372,Junín,0,0,0,1,1,0,0,0,0,0,1,0,1,5920,4
15189,Ciénega,0,0,0,0,0,0,3,0,1,0,0,0,0,4642,4
5150,Carolina,0,0,0,0,1,1,0,0,0,1,0,1,0,3954,4
52110,Buesaco,0,0,0,0,1,0,0,3,0,0,0,0,0,23909,4
15248,El Espino,0,0,0,1,0,0,0,3,0,0,0,0,0,3054,4
25317,Guachetá,0,0,0,2,0,0,1,0,0,0,0,1,0,13749,4
52693,San Pablo,0,0,0,1,0,0,1,0,2,0,0,0,0,15034,4
25295,Gachancipá,0,0,0,1,0,1,0,0,1,0,0,0,1,18264,4
5264,Entrerríos,0,0,0,0,0,0,0,0,2,1,0,0,1,11465,4
91263,El Encanto,2,0,0,0,0,2,0,0,0,0,0,0,0,2077,4
25281,Fosca,0,0,1,0,0,0,2,0,0,1,0,0,0,5892,4
52051,Arboleda,1,0,0,1,0,0,0,0,1,0,1,0,0,8431,4
19693,San Sebastián,1,0,1,2,0,0,0,0,0,0,0,0,0,11004,4
52788,Tangua,0,0,0,1,0,0,0,2,1,0,0,0,0,13397,4
54743,Silos,1,0,0,1,0,0,1,1,0,0,0,0,0,6380,4
52885,Yacuanquer,0,0,0,1,1,0,1,0,0,0,0,0,0,10946,3
25288,Fúquene,0,0,0,1,0,1,0,0,0,1,0,0,0,5047,3
15494,Nuevo Colón,1,0,0,0,0,2,0,0,0,0,0,0,0,5172,3
15425,Macanal,0,0,0,1,0,1,0,0,1,0,0,0,0,5027,3
52685,San Bernardo,0,0,0,1,1,0,1,0,0,0,0,0,0,9186,3
86755,San Francisco,0,0,0,0,0,0,0,0,1,0,1,0,1,5585,3
15047,Aquitania,0,1,0,0,0,0,1,1,0,0,0,0,0,15460,3
25845,Une,0,0,0,2,0,0,0,0,0,0,0,0,1,7144,3
68020,Albania,0,0,0,0,0,0,1,1,0,0,0,1,0,4242,3
86749,Sibundoy,0,0,0,1,0,0,0,2,0,0,0,0,0,15217,3
52585,Pupiales,0,0,0,0,0,0,0,3,0,0,0,0,0,17334,3
25769,Subachoque,0,0,0,1,1,0,1,0,0,0,0,0,0,16183,3
52227,Cumbal,0,0,0,1,0,0,0,1,0,0,0,1,0,36975,3
15236,Chivor,0,0,0,1,0,0,0,1,1,0,0,0,0,2504,3
52287,Funes,1,0,0,1,0,0,1,0,0,0,0,0,0,7168,3
91669,Puerto Santander,0,1,0,0,0,0,0,0,0,2,0,0,0,1765,3
25322,Guasca,0,0,0,1,0,0,0,0,0,1,0,0,1,16166,3
15325,Guayatá,0,0,0,3,0,0,0,0,0,0,0,0,0,3387,3
15403,La Uvita,0,0,0,1,0,0,0,1,0,1,0,0,0,2831,3
91405,La Chorrera,0,0,0,0,0,0,0,0,0,1,1,0,1,2947,3
25339,Gutiérrez,0,0,0,2,0,0,0,1,0,0,0,0,0,3478,3
94885,La Guadalupe,1,0,0,0,0,0,0,0,0,0,1,0,1,288,3
19824,Totoró,0,0,0,0,0,0,1,1,0,0,0,1,0,25137,3
91798,Tarapacá,0,0,0,0,0,0,0,0,1,0,0,0,1,3869,2
91536,Puerto Arica,0,0,0,0,1,0,0,0,0,0,1,0,0,1027,2
91430,La Victoria,0,0,1,0,0,0,0,0,0,1,0,0,0,652,2
52083,Belén,0,0,0,0,0,0,0,0,1,0,0,0,1,6311,2
52385,La Llanada,0,0,0,0,0,0,0,0,0,2,0,0,0,6481,2
5145,Caramanta,0,1,0,0,0,0,0,0,0,1,0,0,0,4670,2
25873,Villapinzón,0,0,0,1,0,0,1,0,0,0,0,0,0,17796,2
15778,Sutatenza,0,0,0,0,0,0,0,2,0,0,0,0,0,4224,2
25772,Suesca,0,0,0,0,0,0,0,1,0,1,0,0,0,17902,2
25293,Gachalá,0,0,0,1,0,0,1,0,0,0,0,0,0,4386,2
15224,Cucaita,0,0,0,1,0,1,0,0,0,0,0,0,0,3759,2
15109,Buenavista,0,0,0,0,0,0,2,0,0,0,0,0,0,4396,2
25200,Cogua,0,0,0,0,0,0,1,0,0,0,0,0,1,23286,2
97889,Yavaraté,0,0,0,0,1,0,0,1,0,0,0,0,0,1067,2
94886,Cacahual,0,0,0,0,0,0,0,1,0,0,0,0,1,886,2
52560,Potosí,0,0,0,0,0,0,0,0,0,0,2,0,0,10197,2
25426,Machetá,0,0,0,0,0,0,0,1,0,1,0,0,0,6171,2
15550,Pisba,0,0,0,0,0,0,0,1,0,0,0,0,1,1779,2
15755,Socotá,0,0,0,0,0,0,1,0,0,0,0,0,1,7231,2
15087,Belén,0,0,0,0,0,0,1,0,1,0,0,0,0,7500,2
52720,Sapuyes,0,0,0,0,0,0,1,0,0,0,0,0,1,7277,2
52019,Albán,0,0,1,0,0,0,0,0,0,1,0,0,0,9443,2
15183,Chita,0,0,0,1,0,1,0,0,0,0,0,0,0,7881,2
25486,Nemocón,0,0,0,0,1,0,0,0,0,0,1,0,0,13868,2
52207,Consacá,0,0,0,0,0,0,1,0,0,1,0,0,0,13761,2
15317,Guacamayas,0,1,0,0,0,0,0,0,0,0,0,0,1,1843,2
52381,La Florida,0,0,0,0,0,0,1,0,0,1,0,0,0,9985,2
15599,Ramiriquí,0,0,0,0,0,0,1,0,0,0,0,0,1,9988,2
52573,Puerres,0,0,0,0,0,0,0,0,0,2,0,0,0,8450,2
15820,Tópaga,0,0,0,1,0,0,0,0,0,0,0,0,0,3660,1
19585,Puracé,0,0,0,0,1,0,0,0,0,0,0,0,0,17423,1
15180,Chiscas,0,0,0,0,0,0,1,0,0,0,0,0,0,3924,1
15806,Tibasosa,1,0,0,0,0,0,0,0,0,0,0,0,0,13196,1
85136,La Salina,0,0,0,0,0,1,0,0,0,0,0,0,0,1385,1
15466,Monguí,0,0,0,1,0,0,0,0,0,0,0,0,0,4266,1
15774,Susacón,0,0,0,0,0,0,1,0,0,0,0,0,0,2704,1
15244,El Cocuy,0,0,0,0,0,0,1,0,0,0,0,0,0,4150,1
25299,Gama,0,0,0,0,0,0,0,0,0,0,0,0,1,3152,1
25781,Sutatausa,0,0,0,0,0,0,1,0,0,0,0,0,0,6169,1
15790,Tasco,0,0,0,0,0,0,1,0,0,0,0,0,0,5823,1
15491,Nobsa,0,0,0,1,0,0,0,0,0,0,0,0,0,16238,1
15696,Santa Sofía,0,0,0,1,0,0,0,0,0,0,0,0,0,3195,1
15761,Somondoco,0,0,0,1,0,0,0,0,0,0,0,0,0,2887,1
15367,Jenesano,0,0,0,0,0,0,0,0,1,0,0,0,0,7274,1
15861,Ventaquemada,0,0,0,1,0,0,0,0,0,0,0,0,0,15920,1
15368,Jericó,0,0,0,0,0,0,0,0,0,0,0,0,1,3900,1
15762,Sora,0,0,0,1,0,0,0,0,0,0,0,0,0,3050,1
52317,Guachucal,0,0,0,0,0,0,1,0,0,0,0,0,0,19387,1
15511,Pachavita,0,0,0,1,0,0,0,0,0,0,0,0,0,2447,1
15632,Saboyá,0,0,0,1,0,0,0,0,0,0,0,0,0,13728,1
15720,Sativanorte,0,0,0,0,0,0,1,0,0,0,0,0,0,2177,1
97666,Taraira,0,0,0,0,0,0,0,0,0,0,1,0,0,2318,1
15162,Cerinza,0,0,0,0,0,0,0,0,0,0,0,1,0,3703,1
15621,Rondón,0,0,0,0,0,0,0,0,1,0,0,0,0,2384,1
15757,Socha,0,0,0,1,0,0,0,0,0,0,0,0,0,8018,1
19760,Sotara,0,0,0,0,1,0,0,0,0,0,0,0,0,14079,1
25793,Tausa,0,0,0,0,0,1,0,0,0,0,0,0,0,8354,1
15215,Corrales,0,0,0,0,0,0,0,0,1,0,0,0,0,2523,1
86760,Santiago,0,0,0,0,0,0,0,1,0,0,0,0,0,7284,1
52352,Iles,0,0,0,0,0,0,0,0,0,0,1,0,0,7646,1
25224,Cucunubá,0,0,1,0,0,0,0,0,0,0,0,0,0,7935,1
15092,Betéitiva,0,0,0,0,0,0,0,0,0,0,0,0,1,1943,1
94887,Pana Pana,0,0,0,1,0,0,0,0,0,0,0,0,0,1959,1
17446,Marulanda,0,0,0,0,0,0,0,0,0,0,0,0,1,2565,1
15822,Tota,0,0,0,0,0,0,0,0,0,0,0,0,0,5206,0
15600,Ráquira,0,0,0,0,0,0,0,0,0,0,0,0,0,7958,0
15500,Oicatá,0,0,0,0,0,0,0,0,0,0,0,0,0,2858,0
15296,Gámeza,0,0,0,0,0,0,0,0,0,0,0,0,0,4845,0
15646,Samacá,0,0,0,0,0,0,0,0,0,0,0,0,0,18588,0
15879,Viracachá,0,0,0,0,0,0,0,0,0,0,0,0,0,2817,0
25154,Carmen de Carupa,0,0,0,0,0,0,0,0,0,0,0,0,0,7733,0
52210,Contadero,0,0,0,0,0,0,0,0,0,0,0,0,0,7252,0
15187,Chivatá,0,0,0,0,0,0,0,0,0,0,0,0,0,2812,0
15842,Úmbita,0,0,0,0,0,0,0,0,0,0,0,0,0,7534,0
52354,Imués,0,0,0,0,0,0,0,0,0,0,0,0,0,7530,0
15763,Sotaquirá,0,0,0,0,0,0,0,0,0,0,0,0,0,8237,0
15638,Sáchica,0,0,0,0,0,0,0,0,0,0,0,0,0,5578,0
15804,Tibaná,0,0,0,0,0,0,0,0,0,0,0,0,0,9085,0
15293,Gachantivá,0,0,0,0,0,0,0,0,0,0,0,0,0,2779,0
52323,Gualmatán,0,0,0,0,0,0,0,0,0,0,0,0,0,7049,0
15837,Tuta,0,0,0,0,0,0,0,0,0,0,0,0,0,8369,0
15232,Chíquiza,0,0,0,0,0,0,0,0,0,0,0,0,0,4713,0
52506,Ospina,0,0,0,0,0,0,0,0,0,0,0,0,0,7039,0
15814,Toca,0,0,0,0,0,0,0,0,0,0,0,0,0,8831,0
52694,San Pedro de Cartago,0,0,0,0,0,0,0,0,0,0,0,0,0,6831,0
15808,Tinjacá,0,0,0,0,0,0,0,0,0,0,0,0,0,3313,0
15676,San Miguel de Sema,0,0,0,0,0,0,0,0,0,0,0,0,0,3006,0
52224,Cuaspúd,0,0,0,0,0,0,0,0,0,0,0,0,0,9199,0
15839,Tutazá,0,0,0,0,0,0,0,0,0,0,0,0,0,2037,0
15464,Mongua,0,0,0,0,0,0,0,0,0,0,0,0,0,4620,0
25436,Manta,0,0,0,0,0,0,0,0,0,0,0,0,0,3795,0
15362,Iza,0,0,0,0,0,0,0,0,0,0,0,0,0,1972,0
52022,Aldana,0,0,0,0,0,0,0,0,0,0,0,0,0,7375,0
94888,Morichal,0,0,0,0,0,0,0,0,0,0,0,0,0,937,0
15542,Pesca,0,0,0,0,0,0,0,0,0,0,0,0,0,6765,0
15740,Siachoque,0,0,0,0,0,0,0,0,0,0,0,0,0,6747,0
15226,Cuítiva,0,0,0,0,0,0,0,0,0,0,0,0,0,1804,0
15476,Motavita,0,0,0,0,0,0,0,0,0,0,0,0,0,5641,0
25326,Guatavita,0,0,0,0,0,0,0,0,0,0,0,0,0,6561,0
19022,Almaguer,0,0,0,0,0,0,0,0,0,0,0,0,0,18263,0
15022,Almeida,0,0,0,0,0,0,0,0,0,0,0,0,0,1845,0
25745,Simijaca,0,0,0,0,0,0,0,0,0,0,0,0,0,13465,0
15522,Panqueba,0,0,0,0,0,0,0,0,0,0,0,0,0,1702,0
15272,Firavitoba,0,0,0,0,0,0,0,0,0,0,0,0,0,6737,0
25407,Lenguazaque,0,0,0,0,0,0,0,0,0,0,0,0,0,10424,0
15693,Santa Rosa de Viterbo,0,0,0,0,0,0,0,0,0,0,0,0,0,13205,0
15204,Cómbita,0,0,0,0,0,0,0,0,0,0,0,0,0,13140,0
15051,Arcabuco,0,0,0,0,0,0,0,0,0,0,0,0,0,5911,0
25807,Tibirita,0,0,0,0,0,0,0,0,0,0,0,0,0,3207,0
25779,Susa,0,0,0,0,0,0,0,0,0,0,0,0,0,6769,0
15276,Floresta,0,0,0,0,0,0,0,0,0,0,0,0,0,3240,0
52320,Guaitarilla,0,0,0,0,0,0,0,0,0,0,0,0,0,11422,0
15114,Busbanzá,0,0,0,0,0,0,0,0,0,0,0,0,0,1138,0
25736,Sesquilé,0,0,0,0,0,0,0,0,0,0,0,0,0,12052,0
15723,Sativasur,0,0,0,0,0,0,0,0,0,0,0,0,0,1100,0
15332,Güicán de La Sierra,0,0,0,0,0,0,0,0,0,0,0,0,0,4285,0
15776,Sutamarchán,0,0,0,0,0,0,0,0,0,0,0,0,0,6164,0
15537,Paz de Río,0,0,0,0,0,0,0,0,0,0,0,0,0,4228,0
91530,Puerto Alegría,0,0,0,0,0,0,0,0,0,0,0,0,0,759,0
97777,Papunahua,0,0,0,0,0,0,0,0,0,0,0,0,0,749,0
15835,Turmequé,0,0,0,0,0,0,0,0,0,0,0,0,0,6131,0
91460,Mirití - Paraná,0,0,0,0,0,0,0,0,0,0,0,0,0,1860,0
15764,Soracá,0,0,0,0,0,0,0,0,0,0,0,0,0,6015,0
